Folder, Filename, Result
GFand, gfand01, Unrealizable
GFand, gfand02, Unrealizable
GFand, gfand03, Unrealizable
GFand, gfand04, Unrealizable
GFand, gfand05, Unrealizable
GFand, gfand06, Unrealizable
GFand, gfand07, Unrealizable
GFand, gfand08, Unrealizable
GFand, gfand09, Unrealizable
GFand, gfand10, Unrealizable
GFand, gfand11, Unrealizable
GFand, gfand12, Unrealizable
GFand, gfand13, Unrealizable
GFand, gfand14, Unrealizable
GFand, gfand15, Unrealizable
GFand, gfand16, Unrealizable
GFand, gfand17, Unrealizable
GFand, gfand18, Unrealizable
GFand, gfand19, Unrealizable
GFand, gfand20, Unrealizable
Uright, uright01, Unrealizable
Uright, uright02, Realizable
Uright, uright03, Realizable
Uright, uright04, Realizable
Uright, uright05, Realizable
Uright, uright06, Realizable
Uright, uright07, Realizable
Uright, uright08, Realizable
Uright, uright09, Realizable
Uright, uright10, Realizable
Uright, uright11, Realizable
Uright, uright12, Realizable
Uright, uright13, Realizable
Uright, uright14, Realizable
Uright, uright15, Realizable
Uright, uright16, Realizable
Uright, uright17, Realizable
Uright, uright18, Realizable
Uright, uright19, Realizable
Uright, uright20, Realizable
syft_1, 001, Realizable
syft_1, 002, Realizable
syft_1, 003, Unrealizable
syft_1, 004, Realizable
syft_1, 005, Unrealizable
syft_1, 006, Realizable
syft_1, 007, Realizable
syft_1, 008, Realizable
syft_1, 009, Realizable
syft_1, 010, Realizable
syft_1, 011, Unrealizable
syft_1, 012, Realizable
syft_1, 013, Realizable
syft_1, 014, Unrealizable
syft_1, 015, Unrealizable
syft_1, 016, Unrealizable
syft_1, 017, Unrealizable
syft_1, 018, Unrealizable
syft_1, 019, Realizable
syft_1, 020, Unrealizable
syft_1, 021, Realizable
syft_1, 022, Realizable
syft_1, 023, Unrealizable
syft_1, 024, Unrealizable
syft_1, 025, Unrealizable
syft_1, 026, Realizable
syft_1, 027, Unrealizable
syft_1, 028, Unrealizable
syft_1, 029, Realizable
syft_1, 030, Realizable
syft_1, 031, Unrealizable
syft_1, 032, Realizable
syft_1, 033, Realizable
syft_1, 034, Unrealizable
syft_1, 035, Realizable
syft_1, 036, Unrealizable
syft_1, 037, Realizable
syft_1, 038, Realizable
syft_1, 039, Unrealizable
syft_1, 040, Realizable
syft_1, 041, Unrealizable
syft_1, 042, Realizable
syft_1, 043, Unrealizable
syft_1, 044, Realizable
syft_1, 045, Realizable
syft_1, 046, Realizable
syft_1, 047, Realizable
syft_1, 048, Realizable
syft_1, 049, Unrealizable
syft_1, 050, Realizable
syft_1, 051, Realizable
syft_1, 052, Realizable
syft_1, 053, Realizable
syft_1, 054, Unrealizable
syft_1, 055, Unrealizable
syft_1, 056, Unrealizable
syft_1, 057, Unrealizable
syft_1, 058, Unrealizable
syft_1, 059, Realizable
syft_1, 060, Realizable
syft_1, 061, Realizable
syft_1, 062, Unrealizable
syft_1, 063, Unrealizable
syft_1, 064, Realizable
syft_1, 065, Unrealizable
syft_1, 066, Realizable
syft_1, 067, Realizable
syft_1, 068, Unrealizable
syft_1, 069, Realizable
syft_1, 070, Realizable
syft_1, 071, Realizable
syft_1, 072, Unrealizable
syft_1, 073, Unrealizable
syft_1, 074, Realizable
syft_1, 075, Unrealizable
syft_1, 076, Realizable
syft_1, 077, Unrealizable
syft_1, 078, Unrealizable
syft_1, 079, Realizable
syft_1, 080, Unrealizable
syft_1, 081, Realizable
syft_1, 082, Unrealizable
syft_1, 083, Realizable
syft_1, 084, Realizable
syft_1, 085, Realizable
syft_1, 086, Realizable
syft_1, 087, Unrealizable
syft_1, 088, Realizable
syft_1, 089, Unrealizable
syft_1, 090, Unrealizable
syft_1, 091, Unrealizable
syft_1, 092, Unrealizable
syft_1, 093, Realizable
syft_1, 094, Realizable
syft_1, 095, Realizable
syft_1, 096, Unrealizable
syft_1, 097, Unrealizable
syft_1, 098, Realizable
syft_1, 099, Realizable
syft_1, 100, Unrealizable
syft_1, 101, Realizable
syft_1, 102, Realizable
syft_1, 103, Unrealizable
syft_1, 104, Unrealizable
syft_1, 105, Realizable
syft_1, 106, Unrealizable
syft_1, 107, Unrealizable
syft_1, 108, Realizable
syft_1, 109, Realizable
syft_1, 110, Realizable
syft_1, 111, Realizable
syft_1, 112, Unrealizable
syft_1, 113, Unrealizable
syft_1, 114, Realizable
syft_1, 115, Realizable
syft_1, 116, Realizable
syft_1, 117, Unrealizable
syft_1, 118, Realizable
syft_1, 119, Realizable
syft_1, 120, Unrealizable
syft_1, 121, Unrealizable
syft_1, 122, Unrealizable
syft_1, 123, Unrealizable
syft_1, 124, Unrealizable
syft_1, 125, Unrealizable
syft_1, 126, Realizable
syft_1, 127, Unrealizable
syft_1, 128, Realizable
syft_1, 129, Unrealizable
syft_1, 130, Realizable
syft_1, 131, Realizable
syft_1, 132, Realizable
syft_1, 133, Unrealizable
syft_1, 134, Realizable
syft_1, 135, Realizable
syft_1, 136, Unrealizable
syft_1, 137, Unrealizable
syft_1, 138, Realizable
syft_1, 139, Unrealizable
syft_1, 140, Unrealizable
syft_1, 141, Unrealizable
syft_1, 142, Realizable
syft_1, 143, Unrealizable
syft_1, 144, Realizable
syft_1, 145, Realizable
syft_1, 146, Unrealizable
syft_1, 147, Realizable
syft_1, 148, Unrealizable
syft_1, 149, Realizable
syft_1, 150, Unrealizable
syft_1, 151, Unrealizable
syft_1, 152, Unrealizable
syft_1, 153, Unrealizable
syft_1, 154, Unrealizable
syft_1, 155, Unrealizable
syft_1, 156, Realizable
syft_1, 157, Unrealizable
syft_1, 158, Unrealizable
syft_1, 159, Realizable
syft_1, 160, Realizable
syft_1, 161, Unrealizable
syft_1, 162, Realizable
syft_1, 163, Realizable
syft_1, 164, Unrealizable
syft_1, 165, Unrealizable
syft_1, 166, Unrealizable
syft_1, 167, Unrealizable
syft_1, 168, Realizable
syft_1, 169, Realizable
syft_1, 170, Unrealizable
syft_1, 171, Unrealizable
syft_1, 172, Unrealizable
syft_1, 173, Unrealizable
syft_1, 174, Realizable
syft_1, 175, Unrealizable
syft_1, 176, Unrealizable
syft_1, 177, Unrealizable
syft_1, 178, Unrealizable
syft_1, 179, Realizable
syft_1, 180, Unrealizable
syft_1, 181, Unrealizable
syft_1, 182, Realizable
syft_1, 183, Realizable
syft_1, 184, Realizable
syft_1, 185, Realizable
syft_1, 186, Realizable
syft_1, 187, Realizable
syft_1, 188, Realizable
syft_1, 189, Realizable
syft_1, 190, Unrealizable
syft_1, 191, Realizable
syft_1, 192, Unrealizable
syft_1, 193, Realizable
syft_1, 194, Unrealizable
syft_1, 195, Unrealizable
syft_1, 196, Realizable
syft_1, 197, Realizable
syft_1, 198, Realizable
syft_1, 199, Realizable
syft_1, 200, Realizable
syft_2, 001, Unrealizable
syft_2, 002, Realizable
syft_2, 003, Unrealizable
syft_2, 004, Unrealizable
syft_2, 005, Unrealizable
syft_2, 006, Unrealizable
syft_2, 007, Realizable
syft_2, 008, Unrealizable
syft_2, 009, Unrealizable
syft_2, 010, Stopped
syft_2, 011, Unrealizable
syft_2, 012, Unrealizable
syft_2, 013, Unrealizable
syft_2, 014, Unrealizable
syft_2, 015, Unrealizable
syft_2, 016, Stopped
syft_2, 017, Unrealizable
syft_2, 018, Unrealizable
syft_2, 019, Stopped
syft_2, 020, Unrealizable
syft_2, 021, Unrealizable
syft_2, 022, Realizable
syft_2, 023, Realizable
syft_2, 024, Unrealizable
syft_2, 025, Unrealizable
syft_2, 026, Unrealizable
syft_2, 027, Realizable
syft_2, 028, Unrealizable
syft_2, 029, Unrealizable
syft_2, 030, Unrealizable
syft_2, 031, Unrealizable
syft_2, 032, Realizable
syft_2, 033, Realizable
syft_2, 034, Unrealizable
syft_2, 035, Realizable
syft_2, 036, Unrealizable
syft_2, 037, Unrealizable
syft_2, 038, Unrealizable
syft_2, 039, Realizable
syft_2, 040, Realizable
syft_2, 041, Unrealizable
syft_2, 042, Unrealizable
syft_2, 043, Unrealizable
syft_2, 044, Unrealizable
syft_2, 045, Unrealizable
syft_2, 046, Unrealizable
syft_2, 047, Unrealizable
syft_2, 048, Unrealizable
syft_2, 049, Stopped
syft_2, 050, Unrealizable
syft_2, 051, Unrealizable
syft_2, 052, Unrealizable
syft_2, 053, Realizable
syft_2, 054, Realizable
syft_2, 055, Realizable
syft_2, 056, Unrealizable
syft_2, 057, Unrealizable
syft_2, 058, Unrealizable
syft_2, 059, Stopped
syft_2, 060, Stopped
syft_2, 061, Realizable
syft_2, 062, Realizable
syft_2, 063, Unrealizable
syft_2, 064, Unrealizable
syft_2, 065, Unrealizable
syft_2, 066, Unrealizable
syft_2, 067, Unrealizable
syft_2, 068, Unrealizable
syft_2, 069, Realizable
syft_2, 070, Unrealizable
syft_2, 071, Unrealizable
syft_2, 072, Unrealizable
syft_2, 073, Unrealizable
syft_2, 074, Realizable
syft_2, 075, Unrealizable
syft_2, 076, Unrealizable
syft_2, 077, Unrealizable
syft_2, 078, Unrealizable
syft_2, 079, Realizable
syft_2, 080, Realizable
syft_2, 081, Unrealizable
syft_2, 082, Unrealizable
syft_2, 083, Realizable
syft_2, 084, Unrealizable
syft_2, 085, Unrealizable
syft_2, 086, Realizable
syft_2, 087, Unrealizable
syft_2, 088, Unrealizable
syft_2, 089, Realizable
syft_2, 090, Unrealizable
syft_2, 091, Unrealizable
syft_2, 092, Unrealizable
syft_2, 093, Unrealizable
syft_2, 094, Unrealizable
syft_2, 095, Unrealizable
syft_2, 096, Realizable
syft_2, 097, Unrealizable
syft_2, 098, Realizable
syft_2, 099, Realizable
syft_2, 100, Unrealizable
syft_2, 101, Unrealizable
syft_2, 102, Unrealizable
syft_2, 103, Unrealizable
syft_2, 104, Realizable
syft_2, 105, Unrealizable
syft_2, 106, Unrealizable
syft_2, 107, Unrealizable
syft_2, 108, Unrealizable
syft_2, 109, Unrealizable
syft_2, 110, Unrealizable
syft_2, 111, Realizable
syft_2, 112, Unrealizable
syft_2, 113, Unrealizable
syft_2, 114, Unrealizable
syft_2, 115, Stopped
syft_2, 116, Unrealizable
syft_2, 117, Realizable
syft_2, 118, Unrealizable
syft_2, 119, Unrealizable
syft_2, 120, Unrealizable
syft_2, 121, Unrealizable
syft_2, 122, Realizable
syft_2, 123, Unrealizable
syft_2, 124, Unrealizable
syft_2, 125, Unrealizable
syft_2, 126, Unrealizable
syft_2, 127, Unrealizable
syft_2, 128, Unrealizable
syft_2, 129, Realizable
syft_2, 130, Unrealizable
syft_2, 131, Realizable
syft_2, 132, Unrealizable
syft_2, 133, Realizable
syft_2, 134, Unrealizable
syft_2, 135, Realizable
syft_2, 136, Realizable
syft_2, 137, Realizable
syft_2, 138, Realizable
syft_2, 139, Unrealizable
syft_2, 140, Realizable
syft_2, 141, Realizable
syft_2, 142, Unrealizable
syft_2, 143, Realizable
syft_2, 144, Unrealizable
syft_2, 145, Unrealizable
syft_2, 146, Unrealizable
syft_2, 147, Unrealizable
syft_2, 148, Realizable
syft_2, 149, Realizable
syft_2, 150, Unrealizable
syft_2, 151, Unrealizable
syft_2, 152, Realizable
syft_2, 153, Realizable
syft_2, 154, Realizable
syft_2, 155, Unrealizable
syft_2, 156, Unrealizable
syft_2, 157, Unrealizable
syft_2, 158, Unrealizable
syft_2, 159, Realizable
syft_2, 160, Unrealizable
syft_2, 161, Unrealizable
syft_2, 162, Unrealizable
syft_2, 163, Realizable
syft_2, 164, Unrealizable
syft_2, 165, Realizable
syft_2, 166, Unrealizable
syft_2, 167, Unrealizable
syft_2, 168, Unrealizable
syft_2, 169, Unrealizable
syft_2, 170, Unrealizable
syft_2, 171, Realizable
syft_2, 172, Unrealizable
syft_2, 173, Realizable
syft_2, 174, Unrealizable
syft_2, 175, Realizable
syft_2, 176, Unrealizable
syft_2, 177, Unrealizable
syft_2, 178, Unrealizable
syft_2, 179, Unrealizable
syft_2, 180, Realizable
syft_2, 181, Unrealizable
syft_2, 182, Unrealizable
syft_2, 183, Unrealizable
syft_2, 184, Realizable
syft_2, 185, Unrealizable
syft_2, 186, Realizable
syft_2, 187, Unrealizable
syft_2, 188, Stopped
syft_2, 189, Unrealizable
syft_2, 190, Unrealizable
syft_2, 191, Unrealizable
syft_2, 192, Unrealizable
syft_2, 193, Unrealizable
syft_2, 194, Unrealizable
syft_2, 195, Unrealizable
syft_2, 196, Unrealizable
syft_2, 197, Realizable
syft_2, 198, Unrealizable
syft_2, 199, Unrealizable
syft_2, 200, Unrealizable
syft_3, 001, Unrealizable
syft_3, 002, Unrealizable
syft_3, 003, Realizable
syft_3, 004, Unrealizable
syft_3, 005, Realizable
syft_3, 006, Unrealizable
syft_3, 007, Unrealizable
syft_3, 008, Stopped
syft_3, 009, Unrealizable
syft_3, 010, Unrealizable
syft_3, 011, Unrealizable
syft_3, 012, Unrealizable
syft_3, 013, Realizable
syft_3, 014, Unrealizable
syft_3, 015, Unrealizable
syft_3, 016, Unrealizable
syft_3, 017, Stopped
syft_3, 018, Stopped
syft_3, 019, Unrealizable
syft_3, 020, Realizable
syft_3, 021, Unrealizable
syft_3, 022, Unrealizable
syft_3, 023, Unrealizable
syft_3, 024, Unrealizable
syft_3, 025, Realizable
syft_3, 026, Unrealizable
syft_3, 027, Realizable
syft_3, 028, Unrealizable
syft_3, 029, Unrealizable
syft_3, 030, Unrealizable
syft_3, 031, Unrealizable
syft_3, 032, Realizable
syft_3, 033, Unrealizable
syft_3, 034, Unrealizable
syft_3, 035, Unrealizable
syft_3, 036, Realizable
syft_3, 037, Unrealizable
syft_3, 038, Unrealizable
syft_3, 039, Unrealizable
syft_3, 040, Unrealizable
syft_3, 041, Unrealizable
syft_3, 042, Unrealizable
syft_3, 043, Unrealizable
syft_3, 044, Stopped
syft_3, 045, Realizable
syft_3, 046, Unrealizable
syft_3, 047, Unrealizable
syft_3, 048, Unrealizable
syft_3, 049, Unrealizable
syft_3, 050, Unrealizable
syft_3, 051, Unrealizable
syft_3, 052, Unrealizable
syft_3, 053, Unrealizable
syft_3, 054, Unrealizable
syft_3, 055, Realizable
syft_3, 056, Unrealizable
syft_3, 057, Unrealizable
syft_3, 058, Unrealizable
syft_3, 059, Unrealizable
syft_3, 060, Unrealizable
syft_3, 061, Unrealizable
syft_3, 062, Unrealizable
syft_3, 063, Unrealizable
syft_3, 064, Realizable
syft_3, 065, Unrealizable
syft_3, 066, Realizable
syft_3, 067, Realizable
syft_3, 068, Realizable
syft_3, 069, Realizable
syft_3, 070, Unrealizable
syft_3, 071, Unrealizable
syft_3, 072, Unrealizable
syft_3, 073, Unrealizable
syft_3, 074, Unrealizable
syft_3, 075, Unrealizable
syft_3, 076, Unrealizable
syft_3, 077, Unrealizable
syft_3, 078, Unrealizable
syft_3, 079, Realizable
syft_3, 080, Realizable
syft_3, 081, Unrealizable
syft_3, 082, Unrealizable
syft_3, 083, Stopped
syft_3, 084, Unrealizable
syft_3, 085, Unrealizable
syft_3, 086, Unrealizable
syft_3, 087, Unrealizable
syft_3, 088, Unrealizable
syft_3, 089, Realizable
syft_3, 090, Stopped
syft_3, 091, Unrealizable
syft_3, 092, Unrealizable
syft_3, 093, Unrealizable
syft_3, 094, Unrealizable
syft_3, 095, Unrealizable
syft_3, 096, Unrealizable
syft_3, 097, Unrealizable
syft_3, 098, Unrealizable
syft_3, 099, Unrealizable
syft_3, 100, Unrealizable
syft_3, 101, Unrealizable
syft_3, 102, Unrealizable
syft_3, 103, Unrealizable
syft_3, 104, Unrealizable
syft_3, 105, Unrealizable
syft_3, 106, Unrealizable
syft_3, 107, Realizable
syft_3, 108, Unrealizable
syft_3, 109, Unrealizable
syft_3, 110, Unrealizable
syft_3, 111, Unrealizable
syft_3, 112, Unrealizable
syft_3, 113, Unrealizable
syft_3, 114, Unrealizable
syft_3, 115, Unrealizable
syft_3, 116, Unrealizable
syft_3, 117, Unrealizable
syft_3, 118, Unrealizable
syft_3, 119, Unrealizable
syft_3, 120, Unrealizable
syft_3, 121, Stopped
syft_3, 122, Unrealizable
syft_3, 123, Realizable
syft_3, 124, Unrealizable
syft_3, 125, Unrealizable
syft_3, 126, Unrealizable
syft_3, 127, Unrealizable
syft_3, 128, Unrealizable
syft_3, 129, Unrealizable
syft_3, 130, Unrealizable
syft_3, 131, Unrealizable
syft_3, 132, Unrealizable
syft_3, 133, Stopped
syft_3, 134, Unrealizable
syft_3, 135, Unrealizable
syft_3, 136, Unrealizable
syft_3, 137, Unrealizable
syft_3, 138, Unrealizable
syft_3, 139, Unrealizable
syft_3, 140, Unrealizable
syft_3, 141, Unrealizable
syft_3, 142, Unrealizable
syft_3, 143, Unrealizable
syft_3, 144, Unrealizable
syft_3, 145, Unrealizable
syft_3, 146, Unrealizable
syft_3, 147, Unrealizable
syft_3, 148, Unrealizable
syft_3, 149, Stopped
syft_3, 150, Realizable
syft_3, 151, Unrealizable
syft_3, 152, Realizable
syft_3, 153, Unrealizable
syft_3, 154, Unrealizable
syft_3, 155, Unrealizable
syft_3, 156, Unrealizable
syft_3, 157, Unrealizable
syft_3, 158, Realizable
syft_3, 159, Unrealizable
syft_3, 160, Unrealizable
syft_3, 161, Realizable
syft_3, 162, Unrealizable
syft_3, 163, Unrealizable
syft_3, 164, Unrealizable
syft_3, 165, Unrealizable
syft_3, 166, Unrealizable
syft_3, 167, Realizable
syft_3, 168, Unrealizable
syft_3, 169, Unrealizable
syft_3, 170, Unrealizable
syft_3, 171, Unrealizable
syft_3, 172, Unrealizable
syft_3, 173, Unrealizable
syft_3, 174, Unrealizable
syft_3, 175, Unrealizable
syft_3, 176, Realizable
syft_3, 177, Unrealizable
syft_3, 178, Unrealizable
syft_3, 179, Unrealizable
syft_3, 180, Realizable
syft_3, 181, Unrealizable
syft_3, 182, Unrealizable
syft_3, 183, Unrealizable
syft_3, 184, Unrealizable
syft_3, 185, Unrealizable
syft_3, 186, Unrealizable
syft_3, 187, Unrealizable
syft_3, 188, Unrealizable
syft_3, 189, Unrealizable
syft_3, 190, Realizable
syft_3, 191, Unrealizable
syft_3, 192, Realizable
syft_3, 193, Unrealizable
syft_3, 194, Unrealizable
syft_3, 195, Unrealizable
syft_3, 196, Unrealizable
syft_3, 197, Unrealizable
syft_3, 198, Unrealizable
syft_3, 199, Unrealizable
syft_3, 200, Unrealizable
syft_4, 001, Unrealizable
syft_4, 002, Unrealizable
syft_4, 003, Realizable
syft_4, 004, Unrealizable
syft_4, 005, Unrealizable
syft_4, 006, Unrealizable
syft_4, 007, Unrealizable
syft_4, 008, Unrealizable
syft_4, 009, Unrealizable
syft_4, 010, Unrealizable
syft_4, 011, Unrealizable
syft_4, 012, Unrealizable
syft_4, 013, Unrealizable
syft_4, 014, Unrealizable
syft_4, 015, Unrealizable
syft_4, 016, Unrealizable
syft_4, 017, Unrealizable
syft_4, 018, Unrealizable
syft_4, 019, Unrealizable
syft_4, 020, Unrealizable
syft_4, 021, Stopped
syft_4, 022, Unrealizable
syft_4, 023, Unrealizable
syft_4, 024, Unrealizable
syft_4, 025, Unrealizable
syft_4, 026, Unrealizable
syft_4, 027, Unrealizable
syft_4, 028, Unrealizable
syft_4, 029, Unrealizable
syft_4, 030, Unrealizable
syft_4, 031, Unrealizable
syft_4, 032, Unrealizable
syft_4, 033, Unrealizable
syft_4, 034, Unrealizable
syft_4, 035, Stopped
syft_4, 036, Unrealizable
syft_4, 037, Unrealizable
syft_4, 038, Stopped
syft_4, 039, Unrealizable
syft_4, 040, Unrealizable
syft_4, 041, Unrealizable
syft_4, 042, Stopped
syft_4, 043, Unrealizable
syft_4, 044, Unrealizable
syft_4, 045, Unrealizable
syft_4, 046, Unrealizable
syft_4, 047, Unrealizable
syft_4, 048, Unrealizable
syft_4, 049, Unrealizable
syft_4, 050, Unrealizable
syft_4, 051, Unrealizable
syft_4, 052, Unrealizable
syft_4, 053, Unrealizable
syft_4, 054, Unrealizable
syft_4, 055, Unrealizable
syft_4, 056, Unrealizable
syft_4, 057, Stopped
syft_4, 058, Unrealizable
syft_4, 059, Stopped
syft_4, 060, Unrealizable
syft_4, 061, Unrealizable
syft_4, 062, Unrealizable
syft_4, 063, Unrealizable
syft_4, 064, Unrealizable
syft_4, 065, Unrealizable
syft_4, 066, Unrealizable
syft_4, 067, Unrealizable
syft_4, 068, Unrealizable
syft_4, 069, Unrealizable
syft_4, 070, Unrealizable
syft_4, 071, Realizable
syft_4, 072, Unrealizable
syft_4, 073, Unrealizable
syft_4, 074, Stopped
syft_4, 075, Unrealizable
syft_4, 076, Unrealizable
syft_4, 077, Unrealizable
syft_4, 078, Unrealizable
syft_4, 079, Unrealizable
syft_4, 080, Unrealizable
syft_4, 081, Unrealizable
syft_4, 082, Unrealizable
syft_4, 083, Unrealizable
syft_4, 084, Unrealizable
syft_4, 085, Unrealizable
syft_4, 086, Unrealizable
syft_4, 087, Unrealizable
syft_4, 088, Stopped
syft_4, 089, Unrealizable
syft_4, 090, Unrealizable
syft_4, 091, Unrealizable
syft_4, 092, Unrealizable
syft_4, 093, Unrealizable
syft_4, 094, Unrealizable
syft_4, 095, Unrealizable
syft_4, 096, Unrealizable
syft_4, 097, Unrealizable
syft_4, 098, Realizable
syft_4, 099, Unrealizable
syft_4, 100, Unrealizable
syft_4, 101, Unrealizable
syft_4, 102, Unrealizable
syft_4, 103, Unrealizable
syft_4, 104, Unrealizable
syft_4, 105, Unrealizable
syft_4, 106, Unrealizable
syft_4, 107, Realizable
syft_4, 108, Unrealizable
syft_4, 109, Stopped
syft_4, 110, Unrealizable
syft_4, 111, Unrealizable
syft_4, 112, Unrealizable
syft_4, 113, Unrealizable
syft_4, 114, Unrealizable
syft_4, 115, Unrealizable
syft_4, 116, Realizable
syft_4, 117, Stopped
syft_4, 118, Unrealizable
syft_4, 119, Unrealizable
syft_4, 120, Realizable
syft_4, 121, Unrealizable
syft_4, 122, Unrealizable
syft_4, 123, Unrealizable
syft_4, 124, Unrealizable
syft_4, 125, Unrealizable
syft_4, 126, Stopped
syft_4, 127, Unrealizable
syft_4, 128, Unrealizable
syft_4, 129, Unrealizable
syft_4, 130, Unrealizable
syft_4, 131, Unrealizable
syft_4, 132, Unrealizable
syft_4, 133, Unrealizable
syft_4, 134, Unrealizable
syft_4, 135, Unrealizable
syft_4, 136, Unrealizable
syft_4, 137, Realizable
syft_4, 138, Stopped
syft_4, 139, Unrealizable
syft_4, 140, Unrealizable
syft_4, 141, Unrealizable
syft_4, 142, Stopped
syft_4, 143, Stopped
syft_4, 144, Unrealizable
syft_4, 145, Realizable
syft_4, 146, Unrealizable
syft_4, 147, Unrealizable
syft_4, 148, Unrealizable
syft_4, 149, Unrealizable
syft_4, 150, Unrealizable
syft_4, 151, Unrealizable
syft_4, 152, Unrealizable
syft_4, 153, Unrealizable
syft_4, 154, Unrealizable
syft_4, 155, Unrealizable
syft_4, 156, Unrealizable
syft_4, 157, Unrealizable
syft_4, 158, Unrealizable
syft_4, 159, Unrealizable
syft_4, 160, Unrealizable
syft_4, 161, Unrealizable
syft_4, 162, Unrealizable
syft_4, 163, Realizable
syft_4, 164, Unrealizable
syft_4, 165, Unrealizable
syft_4, 166, Realizable
syft_4, 167, Unrealizable
syft_4, 168, Stopped
syft_4, 169, Unrealizable
syft_4, 170, Unrealizable
syft_4, 171, Unrealizable
syft_4, 172, Unrealizable
syft_4, 173, Unrealizable
syft_4, 174, Unrealizable
syft_4, 175, Unrealizable
syft_4, 176, Realizable
syft_4, 177, Unrealizable
syft_4, 178, Unrealizable
syft_4, 179, Unrealizable
syft_4, 180, Unrealizable
syft_4, 181, Unrealizable
syft_4, 182, Stopped
syft_4, 183, Unrealizable
syft_4, 184, Unrealizable
syft_4, 185, Unrealizable
syft_4, 186, Unrealizable
syft_4, 187, Unrealizable
syft_4, 188, Unrealizable
syft_4, 189, Unrealizable
syft_4, 190, Unrealizable
syft_4, 191, Realizable
syft_4, 192, Realizable
syft_4, 193, Unrealizable
syft_4, 194, Unrealizable
syft_4, 195, Unrealizable
syft_4, 196, Unrealizable
syft_4, 197, Unrealizable
syft_4, 198, Unrealizable
syft_4, 199, Unrealizable
syft_4, 200, Unrealizable
syft_5, 001, Stopped
syft_5, 002, Unrealizable
syft_5, 003, Unrealizable
syft_5, 004, Unrealizable
syft_5, 005, Unrealizable
syft_5, 006, Unrealizable
syft_5, 007, Unrealizable
syft_5, 008, Unrealizable
syft_5, 009, Unrealizable
syft_5, 010, Unrealizable
syft_5, 011, Unrealizable
syft_5, 012, Unrealizable
syft_5, 013, Unrealizable
syft_5, 014, Unrealizable
syft_5, 015, Unrealizable
syft_5, 016, Unrealizable
syft_5, 017, Unrealizable
syft_5, 018, Unrealizable
syft_5, 019, Unrealizable
syft_5, 020, Stopped
syft_5, 021, Unrealizable
syft_5, 022, Stopped
syft_5, 023, Unrealizable
syft_5, 024, Unrealizable
syft_5, 025, Unrealizable
syft_5, 026, Unrealizable
syft_5, 027, Unrealizable
syft_5, 028, Stopped
syft_5, 029, Unrealizable
syft_5, 030, Unrealizable
syft_5, 031, Unrealizable
syft_5, 032, Unrealizable
syft_5, 033, Unrealizable
syft_5, 034, Unrealizable
syft_5, 035, Unrealizable
syft_5, 036, Unrealizable
syft_5, 037, Unrealizable
syft_5, 038, Unrealizable
syft_5, 039, Unrealizable
syft_5, 040, Stopped
syft_5, 041, Unrealizable
syft_5, 042, Unrealizable
syft_5, 043, Stopped
syft_5, 044, Unrealizable
syft_5, 045, Stopped
syft_5, 046, Unrealizable
syft_5, 047, Unrealizable
syft_5, 048, Unrealizable
syft_5, 049, Unrealizable
syft_5, 050, Unrealizable
syft_5, 051, Stopped
syft_5, 052, Stopped
syft_5, 053, Unrealizable
syft_5, 054, Unrealizable
syft_5, 055, Unrealizable
syft_5, 056, Stopped
syft_5, 057, Realizable
syft_5, 058, Unrealizable
syft_5, 059, Unrealizable
syft_5, 060, Unrealizable
syft_5, 061, Unrealizable
syft_5, 062, Unrealizable
syft_5, 063, Stopped
syft_5, 064, Stopped
syft_5, 065, Realizable
syft_5, 066, Unrealizable
syft_5, 067, Stopped
syft_5, 068, Realizable
syft_5, 069, Unrealizable
syft_5, 070, Unrealizable
syft_5, 071, Unrealizable
syft_5, 072, Unrealizable
syft_5, 073, Unrealizable
syft_5, 074, Unrealizable
syft_5, 075, Unrealizable
syft_5, 076, Stopped
syft_5, 077, Stopped
syft_5, 078, Unrealizable
syft_5, 079, Unrealizable
syft_5, 080, Unrealizable
syft_5, 081, Unrealizable
syft_5, 082, Unrealizable
syft_5, 083, Unrealizable
syft_5, 084, Unrealizable
syft_5, 085, Unrealizable
syft_5, 086, Stopped
syft_5, 087, Unrealizable
syft_5, 088, Unrealizable
syft_5, 089, Stopped
syft_5, 090, Unrealizable
syft_5, 091, Unrealizable
syft_5, 092, Unrealizable
syft_5, 093, Unrealizable
syft_5, 094, Unrealizable
syft_5, 095, Stopped
syft_5, 096, Realizable
syft_5, 097, Unrealizable
syft_5, 098, Unrealizable
syft_5, 099, Realizable
syft_5, 100, Unrealizable
syft_5, 101, Unrealizable
syft_5, 102, Stopped
syft_5, 103, Stopped
syft_5, 104, Unrealizable
syft_5, 105, Unrealizable
syft_5, 106, Unrealizable
syft_5, 107, Stopped
syft_5, 108, Unrealizable
syft_5, 109, Stopped
syft_5, 110, Unrealizable
syft_5, 111, Stopped
syft_5, 112, Stopped
syft_5, 113, Unrealizable
syft_5, 114, Unrealizable
syft_5, 115, Stopped
syft_5, 116, Unrealizable
syft_5, 117, Unrealizable
syft_5, 118, Unrealizable
syft_5, 119, Unrealizable
syft_5, 120, Stopped
syft_5, 121, Realizable
syft_5, 122, Unrealizable
syft_5, 123, Unrealizable
syft_5, 124, Unrealizable
syft_5, 125, Unrealizable
syft_5, 126, Stopped
syft_5, 127, Unrealizable
syft_5, 128, Unrealizable
syft_5, 129, Unrealizable
syft_5, 130, Unrealizable
syft_5, 131, Unrealizable
syft_5, 132, Unrealizable
syft_5, 133, Unrealizable
syft_5, 134, Stopped
syft_5, 135, Stopped
syft_5, 136, Unrealizable
syft_5, 137, Unrealizable
syft_5, 138, Stopped
syft_5, 139, Unrealizable
syft_5, 140, Unrealizable
syft_5, 141, Unrealizable
syft_5, 142, Stopped
syft_5, 143, Unrealizable
syft_5, 144, Unrealizable
syft_5, 145, Unrealizable
syft_5, 146, Unrealizable
syft_5, 147, Unrealizable
syft_5, 148, Unrealizable
syft_5, 149, Unrealizable
syft_5, 150, Unrealizable
syft_5, 151, Stopped
syft_5, 152, Stopped
syft_5, 153, Realizable
syft_5, 154, Unrealizable
syft_5, 155, Unrealizable
syft_5, 156, Unrealizable
syft_5, 157, Unrealizable
syft_5, 158, Unrealizable
syft_5, 159, Unrealizable
syft_5, 160, Unrealizable
syft_5, 161, Unrealizable
syft_5, 162, Unrealizable
syft_5, 163, Stopped
syft_5, 164, Unrealizable
syft_5, 165, Unrealizable
syft_5, 166, Stopped
syft_5, 167, Unrealizable
syft_5, 168, Stopped
syft_5, 169, Unrealizable
syft_5, 170, Unrealizable
syft_5, 171, Unrealizable
syft_5, 172, Unrealizable
syft_5, 173, Unrealizable
syft_5, 174, Unrealizable
syft_5, 175, Stopped
syft_5, 176, Unrealizable
syft_5, 177, Unrealizable
syft_5, 178, Unrealizable
syft_5, 179, Unrealizable
syft_5, 180, Unrealizable
syft_5, 181, Unrealizable
syft_5, 182, Unrealizable
syft_5, 183, Stopped
syft_5, 184, Unrealizable
syft_5, 185, Unrealizable
syft_5, 186, Stopped
syft_5, 187, Unrealizable
syft_5, 188, Realizable
syft_5, 189, Unrealizable
syft_5, 190, Unrealizable
syft_5, 191, Stopped
syft_5, 192, Unrealizable
syft_5, 193, Unrealizable
syft_5, 194, Unrealizable
syft_5, 195, Unrealizable
syft_5, 196, Realizable
syft_5, 197, Stopped
syft_5, 198, Unrealizable
syft_5, 199, Unrealizable
syft_5, 200, Unrealizable
case_03, 01, Unrealizable
case_03, 02, Unrealizable
case_03, 03, Unrealizable
case_03, 04, Unrealizable
case_03, 05, Realizable
case_03, 06, Unrealizable
case_03, 07, Realizable
case_03, 08, Unrealizable
case_03, 09, Unrealizable
case_03, 10, Unrealizable
case_03, 11, Realizable
case_03, 12, Unrealizable
case_03, 13, Unrealizable
case_03, 14, Realizable
case_03, 15, Realizable
case_03, 16, Realizable
case_03, 17, Unrealizable
case_03, 18, Unrealizable
case_03, 19, Unrealizable
case_03, 20, Realizable
case_03, 21, Realizable
case_03, 22, Unrealizable
case_03, 23, Realizable
case_03, 24, Unrealizable
case_03, 25, Unrealizable
case_03, 26, Unrealizable
case_03, 27, Realizable
case_03, 28, Unrealizable
case_03, 29, Realizable
case_03, 30, Realizable
case_03, 31, Unrealizable
case_03, 32, Unrealizable
case_03, 33, Unrealizable
case_03, 34, Unrealizable
case_03, 35, Realizable
case_03, 36, Realizable
case_03, 37, Unrealizable
case_03, 38, Unrealizable
case_03, 39, Realizable
case_03, 40, Unrealizable
case_03, 41, Unrealizable
case_03, 42, Realizable
case_03, 43, Realizable
case_03, 44, Unrealizable
case_03, 45, Unrealizable
case_03, 46, Realizable
case_03, 47, Unrealizable
case_03, 48, Realizable
case_03, 49, Realizable
case_03, 50, Realizable
case_04, 01, Realizable
case_04, 02, Realizable
case_04, 03, Unrealizable
case_04, 04, Unrealizable
case_04, 05, Unrealizable
case_04, 06, Realizable
case_04, 07, Unrealizable
case_04, 08, Realizable
case_04, 09, Realizable
case_04, 10, Unrealizable
case_04, 11, Unrealizable
case_04, 12, Unrealizable
case_04, 13, Unrealizable
case_04, 14, Realizable
case_04, 15, Realizable
case_04, 16, Unrealizable
case_04, 17, Unrealizable
case_04, 18, Realizable
case_04, 19, Unrealizable
case_04, 20, Unrealizable
case_04, 21, Unrealizable
case_04, 22, Unrealizable
case_04, 23, Unrealizable
case_04, 24, Unrealizable
case_04, 25, Realizable
case_04, 26, Unrealizable
case_04, 27, Unrealizable
case_04, 28, Unrealizable
case_04, 29, Unrealizable
case_04, 30, Realizable
case_04, 31, Realizable
case_04, 32, Unrealizable
case_04, 33, Unrealizable
case_04, 34, Unrealizable
case_04, 35, Unrealizable
case_04, 36, Realizable
case_04, 37, Realizable
case_04, 38, Realizable
case_04, 39, Unrealizable
case_04, 40, Unrealizable
case_04, 41, Unrealizable
case_04, 42, Unrealizable
case_04, 43, Unrealizable
case_04, 44, Unrealizable
case_04, 45, Realizable
case_04, 46, Unrealizable
case_04, 47, Unrealizable
case_04, 48, Unrealizable
case_04, 49, Realizable
case_04, 50, Unrealizable
case_05, 01, Unrealizable
case_05, 02, Stopped
case_05, 03, Realizable
case_05, 04, Unrealizable
case_05, 05, Stopped
case_05, 06, Stopped
case_05, 07, Realizable
case_05, 08, Unrealizable
case_05, 09, Unrealizable
case_05, 10, Stopped
case_05, 11, Unrealizable
case_05, 12, Stopped
case_05, 13, Realizable
case_05, 14, Realizable
case_05, 15, Unrealizable
case_05, 16, Realizable
case_05, 17, Unrealizable
case_05, 18, Stopped
case_05, 19, Realizable
case_05, 20, Unrealizable
case_05, 21, Realizable
case_05, 22, Stopped
case_05, 23, Stopped
case_05, 24, Unrealizable
case_05, 25, Realizable
case_05, 26, Stopped
case_05, 27, Realizable
case_05, 28, Unrealizable
case_05, 29, Realizable
case_05, 30, Realizable
case_05, 31, Unrealizable
case_05, 32, Unrealizable
case_05, 33, Unrealizable
case_05, 34, Stopped
case_05, 35, Unrealizable
case_05, 36, Realizable
case_05, 37, Stopped
case_05, 38, Realizable
case_05, 39, Stopped
case_05, 40, Realizable
case_05, 41, Realizable
case_05, 42, Stopped
case_05, 43, Unrealizable
case_05, 44, Realizable
case_05, 45, Realizable
case_05, 46, Unrealizable
case_05, 47, Stopped
case_05, 48, Realizable
case_05, 49, Unrealizable
case_05, 50, Realizable
case_06, 01, Realizable
case_06, 02, Unrealizable
case_06, 03, Realizable
case_06, 04, Realizable
case_06, 05, Stopped
case_06, 06, Unrealizable
case_06, 07, Stopped
case_06, 08, Realizable
case_06, 09, Unrealizable
case_06, 10, Realizable
case_06, 11, Unrealizable
case_06, 12, Realizable
case_06, 13, Realizable
case_06, 14, Stopped
case_06, 15, Stopped
case_06, 16, Stopped
case_06, 17, Realizable
case_06, 18, Stopped
case_06, 19, Stopped
case_06, 20, Realizable
case_06, 21, Unrealizable
case_06, 22, Unrealizable
case_06, 23, Unrealizable
case_06, 24, Stopped
case_06, 25, Realizable
case_06, 26, Realizable
case_06, 27, Stopped
case_06, 28, Realizable
case_06, 29, Unrealizable
case_06, 30, Unrealizable
case_06, 31, Realizable
case_06, 32, Realizable
case_06, 33, Stopped
case_06, 34, Unrealizable
case_06, 35, Unrealizable
case_06, 36, Stopped
case_06, 37, Stopped
case_06, 38, Unrealizable
case_06, 39, Stopped
case_06, 40, Realizable
case_06, 41, Stopped
case_06, 42, Unrealizable
case_06, 43, Realizable
case_06, 44, Unrealizable
case_06, 45, Realizable
case_06, 46, Stopped
case_06, 47, Stopped
case_06, 48, Realizable
case_06, 49, Realizable
case_06, 50, Realizable
case_07, 01, Stopped
case_07, 02, Stopped
case_07, 03, Stopped
case_07, 04, Realizable
case_07, 05, Unrealizable
case_07, 06, Realizable
case_07, 07, Stopped
case_07, 08, Stopped
case_07, 09, Stopped
case_07, 10, Realizable
case_07, 11, Stopped
case_07, 12, Stopped
case_07, 13, Realizable
case_07, 14, Stopped
case_07, 15, Realizable
case_07, 16, Realizable
case_07, 17, Stopped
case_07, 18, Unrealizable
case_07, 19, Stopped
case_07, 20, Stopped
case_07, 21, Realizable
case_07, 22, Unrealizable
case_07, 23, Stopped
case_07, 24, Stopped
case_07, 25, Stopped
case_07, 26, Unrealizable
case_07, 27, Unrealizable
case_07, 28, Unrealizable
case_07, 29, Realizable
case_07, 30, Unrealizable
case_07, 31, Stopped
case_07, 32, Realizable
case_07, 33, Realizable
case_07, 34, Unrealizable
case_07, 35, Realizable
case_07, 36, Stopped
case_07, 37, Stopped
case_07, 38, Unrealizable
case_07, 39, Realizable
case_07, 40, Realizable
case_07, 41, Realizable
case_07, 42, Stopped
case_07, 43, Stopped
case_07, 44, Stopped
case_07, 45, Realizable
case_07, 46, Unrealizable
case_07, 47, Unrealizable
case_07, 48, Stopped
case_07, 49, Unrealizable
case_07, 50, Stopped
case_08, 01, Stopped
case_08, 02, Stopped
case_08, 03, Realizable
case_08, 04, Realizable
case_08, 05, Stopped
case_08, 06, Stopped
case_08, 07, Unrealizable
case_08, 08, Stopped
case_08, 09, Stopped
case_08, 10, Stopped
case_08, 11, Realizable
case_08, 12, Unrealizable
case_08, 13, Stopped
case_08, 14, Stopped
case_08, 15, Unrealizable
case_08, 16, Realizable
case_08, 17, Stopped
case_08, 18, Realizable
case_08, 19, Stopped
case_08, 20, Stopped
case_08, 21, Realizable
case_08, 22, Stopped
case_08, 23, Unrealizable
case_08, 24, Stopped
case_08, 25, Stopped
case_08, 26, Realizable
case_08, 27, Stopped
case_08, 28, Realizable
case_08, 29, Stopped
case_08, 30, Realizable
case_08, 31, Realizable
case_08, 32, Realizable
case_08, 33, Realizable
case_08, 34, Realizable
case_08, 35, Unrealizable
case_08, 36, Realizable
case_08, 37, Realizable
case_08, 38, Stopped
case_08, 39, Stopped
case_08, 40, Realizable
case_08, 41, Stopped
case_08, 42, Realizable
case_08, 43, Unrealizable
case_08, 44, Stopped
case_08, 45, Unrealizable
case_08, 46, Realizable
case_08, 47, Realizable
case_08, 48, Stopped
case_08, 49, Realizable
case_08, 50, Stopped
case_09, 01, Realizable
case_09, 02, Stopped
case_09, 03, Realizable
case_09, 04, Unrealizable
case_09, 05, Stopped
case_09, 06, Realizable
case_09, 07, Stopped
case_09, 08, Unrealizable
case_09, 09, Stopped
case_09, 10, Stopped
case_09, 11, Stopped
case_09, 12, Realizable
case_09, 13, Unrealizable
case_09, 14, Stopped
case_09, 15, Unrealizable
case_09, 16, Stopped
case_09, 17, Unrealizable
case_09, 18, Stopped
case_09, 19, Realizable
case_09, 20, Stopped
case_09, 21, Stopped
case_09, 22, Realizable
case_09, 23, Stopped
case_09, 24, Realizable
case_09, 25, Realizable
case_09, 26, Realizable
case_09, 27, Stopped
case_09, 28, Stopped
case_09, 29, Realizable
case_09, 30, Stopped
case_09, 31, Stopped
case_09, 32, Unrealizable
case_09, 33, Stopped
case_09, 34, Realizable
case_09, 35, Realizable
case_09, 36, Stopped
case_09, 37, Stopped
case_09, 38, Stopped
case_09, 39, Realizable
case_09, 40, Stopped
case_09, 41, Stopped
case_09, 42, Realizable
case_09, 43, Realizable
case_09, 44, Stopped
case_09, 45, Realizable
case_09, 46, Realizable
case_09, 47, Stopped
case_09, 48, Realizable
case_09, 49, Stopped
case_09, 50, Realizable
case_10, 01, Stopped
case_10, 02, Stopped
case_10, 03, Realizable
case_10, 04, Stopped
case_10, 05, Stopped
case_10, 06, Realizable
case_10, 07, Stopped
case_10, 08, Stopped
case_10, 09, Stopped
case_10, 10, Stopped
case_10, 11, Stopped
case_10, 12, Stopped
case_10, 13, Realizable
case_10, 14, Realizable
case_10, 15, Stopped
case_10, 16, Stopped
case_10, 17, Realizable
case_10, 18, Stopped
case_10, 19, Stopped
case_10, 20, Stopped
case_10, 21, Realizable
case_10, 22, Stopped
case_10, 23, Stopped
case_10, 24, Stopped
case_10, 25, Realizable
case_10, 26, Stopped
case_10, 27, Unrealizable
case_10, 28, Realizable
case_10, 29, Stopped
case_10, 30, Unrealizable
case_10, 31, Stopped
case_10, 32, Stopped
case_10, 33, Realizable
case_10, 34, Unrealizable
case_10, 35, Stopped
case_10, 36, Realizable
case_10, 37, Stopped
case_10, 38, Stopped
case_10, 39, Realizable
case_10, 40, Stopped
case_10, 41, Unrealizable
case_10, 42, Stopped
case_10, 43, Realizable
case_10, 44, Unrealizable
case_10, 45, Unrealizable
case_10, 46, Stopped
case_10, 47, Stopped
case_10, 48, Stopped
case_10, 49, Stopped
case_10, 50, Stopped
Single-Counter, counter_01, Realizable
Single-Counter, counter_02, Realizable
Single-Counter, counter_03, Realizable
Single-Counter, counter_04, Realizable
Single-Counter, counter_05, Realizable
Single-Counter, counter_06, Stopped
Single-Counter, counter_07, Stopped
Single-Counter, counter_08, Stopped
Single-Counter, counter_09, Stopped
Single-Counter, counter_10, Stopped
Single-Counter, counter_11, Stopped
Single-Counter, counter_12, Stopped
Single-Counter, counter_13, Stopped
Single-Counter, counter_14, Stopped
Single-Counter, counter_15, Stopped
Single-Counter, counter_16, Stopped
Single-Counter, counter_17, Stopped
Single-Counter, counter_18, Stopped
Single-Counter, counter_19, Stopped
Single-Counter, counter_20, Stopped
Double-Counter, counters_01, Realizable
Double-Counter, counters_02, Realizable
Double-Counter, counters_03, Realizable
Double-Counter, counters_04, Realizable
Double-Counter, counters_05, Realizable
Double-Counter, counters_06, Stopped
Double-Counter, counters_07, Stopped
Double-Counter, counters_08, Stopped
Double-Counter, counters_09, Stopped
Double-Counter, counters_10, Stopped
Double-Counter, counters_11, Stopped
Double-Counter, counters_12, Stopped
Double-Counter, counters_13, Stopped
Double-Counter, counters_14, Stopped
Double-Counter, counters_15, Stopped
Double-Counter, counters_16, Stopped
Double-Counter, counters_17, Stopped
Double-Counter, counters_18, Stopped
Double-Counter, counters_19, Stopped
Double-Counter, counters_20, Stopped
nim_01, nim_01_01, Unrealizable
nim_01, nim_01_02, Realizable
nim_01, nim_01_03, Realizable
nim_01, nim_01_04, Realizable
nim_01, nim_01_05, Realizable
nim_01, nim_01_06, Realizable
nim_01, nim_01_07, Realizable
nim_01, nim_01_08, Realizable
nim_01, nim_01_09, Realizable
nim_01, nim_01_10, Realizable
nim_01, nim_01_11, Realizable
nim_01, nim_01_12, Stopped
nim_01, nim_01_13, Stopped
nim_01, nim_01_14, Stopped
nim_01, nim_01_15, Stopped
nim_01, nim_01_16, Stopped
nim_01, nim_01_17, Stopped
nim_01, nim_01_18, Stopped
nim_01, nim_01_19, Stopped
nim_01, nim_01_20, Stopped
nim_02, nim_02_01, Realizable
nim_02, nim_02_02, Unrealizable
nim_02, nim_02_03, Unrealizable
nim_02, nim_02_04, Unrealizable
nim_02, nim_02_05, Stopped
nim_02, nim_02_06, Stopped
nim_02, nim_02_07, Stopped
nim_02, nim_02_08, Stopped
nim_02, nim_02_09, Stopped
nim_02, nim_02_10, Stopped
nim_02, nim_02_11, Stopped
nim_02, nim_02_12, Stopped
nim_02, nim_02_13, Stopped
nim_02, nim_02_14, Stopped
nim_02, nim_02_15, Stopped
nim_02, nim_02_16, Stopped
nim_02, nim_02_17, Stopped
nim_02, nim_02_18, Stopped
nim_02, nim_02_19, Stopped
nim_02, nim_02_20, Stopped
nim_03, nim_03_01, Unrealizable
nim_03, nim_03_02, Unrealizable
nim_03, nim_03_03, Stopped
nim_03, nim_03_04, Stopped
nim_03, nim_03_05, Stopped
nim_03, nim_03_06, Stopped
nim_03, nim_03_07, Stopped
nim_03, nim_03_08, Stopped
nim_03, nim_03_09, Stopped
nim_03, nim_03_10, Stopped
nim_03, nim_03_11, Stopped
nim_03, nim_03_12, Stopped
nim_03, nim_03_13, Stopped
nim_03, nim_03_14, Stopped
nim_03, nim_03_15, Stopped
nim_03, nim_03_16, Stopped
nim_03, nim_03_17, Stopped
nim_03, nim_03_18, Stopped
nim_03, nim_03_19, Stopped
nim_03, nim_03_20, Stopped
nim_04, nim_04_01, Unrealizable
nim_04, nim_04_02, Stopped
nim_04, nim_04_03, Stopped
nim_04, nim_04_04, Stopped
nim_04, nim_04_05, Stopped
nim_04, nim_04_06, Stopped
nim_04, nim_04_07, Stopped
nim_04, nim_04_08, Stopped
nim_04, nim_04_09, Stopped
nim_04, nim_04_10, Stopped
nim_04, nim_04_11, Stopped
nim_04, nim_04_12, Stopped
nim_04, nim_04_13, Stopped
nim_04, nim_04_14, Stopped
nim_04, nim_04_15, Stopped
nim_04, nim_04_16, Stopped
nim_04, nim_04_17, Stopped
nim_04, nim_04_18, Stopped
nim_04, nim_04_19, Stopped
nim_04, nim_04_20, Stopped
nim_05, nim_05_01, Stopped
nim_05, nim_05_02, Stopped
nim_05, nim_05_03, Stopped
nim_05, nim_05_04, Stopped
nim_05, nim_05_05, Stopped
nim_05, nim_05_06, Stopped
nim_05, nim_05_07, Stopped
nim_05, nim_05_08, Stopped
nim_05, nim_05_09, Stopped
nim_05, nim_05_10, Stopped
nim_05, nim_05_11, Stopped
nim_05, nim_05_12, Stopped
nim_05, nim_05_13, Stopped
nim_05, nim_05_14, Stopped
nim_05, nim_05_15, Stopped
nim_05, nim_05_16, Stopped
nim_05, nim_05_17, Stopped
nim_05, nim_05_18, Stopped
nim_05, nim_05_19, Stopped
nim_05, nim_05_20, Stopped
t1, f1, Realizable
t1, f2, Unrealizable
t1, f3, Realizable
t1, f4, Unrealizable
t1, f5, Realizable
t1, f6, Realizable
t1, f7, Realizable
t1, f8, Realizable
t1, f9, Realizable
t1, f10, Realizable
t1, f11, Realizable
t1, f12, Realizable
t1, f13, Unrealizable
t1, f14, Unrealizable
t1, f15, Realizable
t1, f16, Realizable
t1, f17, Realizable
t1, f18, Realizable
t1, f19, Unrealizable
t1, f20, Realizable
t1, f21, Realizable
t1, f22, Unrealizable
t1, f23, Unrealizable
t1, f24, Realizable
t1, f25, Stopped
t1, f26, Unrealizable
t1, f27, Realizable
t1, f28, Realizable
t1, f29, Realizable
t1, f30, Unrealizable
t1, f31, Realizable
t1, f32, Realizable
t1, f33, Realizable
t1, f34, Realizable
t1, f35, Unrealizable
t1, f36, Unrealizable
t1, f37, Unrealizable
t1, f38, Realizable
t1, f39, Unrealizable
t1, f40, Unrealizable
t1, f41, Unrealizable
t1, f42, Realizable
t1, f43, Realizable
t1, f44, Realizable
t1, f45, Realizable
t1, f46, Realizable
t1, f47, Unrealizable
t1, f48, Unrealizable
t1, f49, Realizable
t1, f50, Realizable
t1, f51, Realizable
t1, f52, Realizable
t1, f53, Realizable
t1, f54, Realizable
t1, f55, Realizable
t1, f56, Realizable
t1, f57, Realizable
t1, f58, Realizable
t1, f59, Realizable
t1, f60, Realizable
t1, f61, Realizable
t1, f62, Unrealizable
t1, f63, Realizable
t1, f64, Realizable
t1, f65, Unrealizable
t1, f66, Realizable
t1, f67, Unrealizable
t1, f68, Realizable
t1, f69, Realizable
t1, f70, Realizable
t1, f71, Realizable
t1, f72, Realizable
t1, f73, Realizable
t1, f74, Realizable
t1, f75, Realizable
t1, f76, Realizable
t1, f77, Realizable
t1, f78, Realizable
t1, f79, Realizable
t1, f80, Realizable
t1, f81, Realizable
t1, f82, Realizable
t1, f83, Realizable
t1, f84, Realizable
t1, f85, Realizable
t1, f86, Realizable
t1, f87, Realizable
t1, f88, Unrealizable
t1, f89, Realizable
t1, f90, Realizable
t1, f91, Unrealizable
t1, f92, Realizable
t1, f93, Realizable
t1, f94, Realizable
t1, f95, Unrealizable
t1, f96, Realizable
t1, f97, Realizable
t1, f98, Realizable
t1, f99, Unrealizable
t1, f100, Realizable
t1, f101, Unrealizable
t1, f102, Realizable
t1, f103, Realizable
t1, f104, Realizable
t1, f105, Realizable
t1, f106, Unrealizable
t1, f107, Realizable
t1, f108, Realizable
t1, f109, Unrealizable
t1, f110, Realizable
t1, f111, Realizable
t1, f112, Realizable
t1, f113, Realizable
t1, f114, Realizable
t1, f115, Realizable
t1, f116, Realizable
t1, f117, Realizable
t1, f118, Realizable
t1, f119, Realizable
t1, f120, Realizable
t1, f121, Realizable
t1, f122, Realizable
t1, f123, Realizable
t1, f124, Realizable
t1, f125, Unrealizable
t1, f126, Realizable
t1, f127, Realizable
t1, f128, Realizable
t1, f129, Realizable
t1, f130, Unrealizable
t1, f131, Stopped
t1, f132, Realizable
t1, f133, Realizable
t1, f134, Unrealizable
t1, f135, Realizable
t1, f136, Realizable
t1, f137, Unrealizable
t1, f138, Unrealizable
t1, f139, Realizable
t1, f140, Stopped
t1, f141, Unrealizable
t1, f142, Realizable
t1, f143, Realizable
t1, f144, Realizable
t1, f145, Unrealizable
t1, f146, Unrealizable
t1, f147, Stopped
t1, f148, Realizable
t1, f149, Unrealizable
t1, f150, Realizable
t1, f151, Unrealizable
t1, f152, Unrealizable
t1, f153, Unrealizable
t1, f154, Realizable
t1, f155, Realizable
t1, f156, Unrealizable
t1, f157, Realizable
t1, f158, Stopped
t1, f159, Stopped
t1, f160, Unrealizable
t1, f161, Realizable
t1, f162, Realizable
t1, f163, Realizable
t1, f164, Realizable
t1, f165, Unrealizable
t1, f166, Unrealizable
t1, f167, Realizable
t1, f168, Realizable
t1, f169, Realizable
t1, f170, Realizable
t1, f171, Realizable
t1, f172, Realizable
t1, f173, Unrealizable
t1, f174, Realizable
t1, f175, Realizable
t1, f176, Realizable
t1, f177, Unrealizable
t1, f178, Realizable
t1, f179, Realizable
t1, f180, Unrealizable
t1, f181, Realizable
t1, f182, Realizable
t1, f183, Realizable
t1, f184, Realizable
t1, f185, Unrealizable
t1, f186, Realizable
t1, f187, Unrealizable
t1, f188, Unrealizable
t1, f189, Realizable
t1, f190, Realizable
t1, f191, Realizable
t1, f192, Unrealizable
t1, f193, Realizable
t1, f194, Realizable
t1, f195, Realizable
t1, f196, Realizable
t1, f197, Realizable
t1, f198, Realizable
t1, f199, Realizable
t1, f200, Realizable
t2, f1, Realizable
t2, f2, Realizable
t2, f3, Stopped
t2, f4, Realizable
t2, f5, Realizable
t2, f6, Realizable
t2, f7, Realizable
t2, f8, Realizable
t2, f9, Stopped
t2, f10, Realizable
t2, f11, Unrealizable
t2, f12, Stopped
t2, f13, Realizable
t2, f14, Realizable
t2, f15, Unrealizable
t2, f16, Realizable
t2, f17, Unrealizable
t2, f18, Unrealizable
t2, f19, Realizable
t2, f20, Realizable
t2, f21, Unrealizable
t2, f22, Realizable
t2, f23, Stopped
t2, f24, Realizable
t2, f25, Unrealizable
t2, f26, Realizable
t2, f27, Realizable
t2, f28, Unrealizable
t2, f29, Realizable
t2, f30, Stopped
t2, f31, Stopped
t2, f32, Realizable
t2, f33, Unrealizable
t2, f34, Realizable
t2, f35, Realizable
t2, f36, Realizable
t2, f37, Unrealizable
t2, f38, Realizable
t2, f39, Realizable
t2, f40, Realizable
t2, f41, Stopped
t2, f42, Realizable
t2, f43, Realizable
t2, f44, Realizable
t2, f45, Realizable
t2, f46, Realizable
t2, f47, Unrealizable
t2, f48, Realizable
t2, f49, Realizable
t2, f50, Realizable
t2, f51, Unrealizable
t2, f52, Realizable
t2, f53, Unrealizable
t2, f54, Realizable
t2, f55, Realizable
t2, f56, Realizable
t2, f57, Realizable
t2, f58, Realizable
t2, f59, Unrealizable
t2, f60, Realizable
t2, f61, Realizable
t2, f62, Realizable
t2, f63, Realizable
t2, f64, Unrealizable
t2, f65, Realizable
t2, f66, Realizable
t2, f67, Unrealizable
t2, f68, Realizable
t2, f69, Realizable
t2, f70, Realizable
t2, f71, Realizable
t2, f72, Realizable
t2, f73, Realizable
t2, f74, Realizable
t2, f75, Realizable
t2, f76, Realizable
t2, f77, Realizable
t2, f78, Realizable
t2, f79, Stopped
t2, f80, Realizable
t2, f81, Unrealizable
t2, f82, Realizable
t2, f83, Realizable
t2, f84, Realizable
t2, f85, Realizable
t2, f86, Unrealizable
t2, f87, Realizable
t2, f88, Realizable
t2, f89, Realizable
t2, f90, Realizable
t2, f91, Realizable
t2, f92, Realizable
t2, f93, Unrealizable
t2, f94, Unrealizable
t2, f95, Realizable
t2, f96, Realizable
t2, f97, Realizable
t2, f98, Realizable
t2, f99, Realizable
t2, f100, Realizable
t2, f101, Realizable
t2, f102, Realizable
t2, f103, Unrealizable
t2, f104, Unrealizable
t2, f105, Realizable
t2, f106, Realizable
t2, f107, Unrealizable
t2, f108, Realizable
t2, f109, Realizable
t2, f110, Realizable
t2, f111, Realizable
t2, f112, Realizable
t2, f113, Realizable
t2, f114, Realizable
t2, f115, Realizable
t2, f116, Realizable
t2, f117, Realizable
t2, f118, Unrealizable
t2, f119, Unrealizable
t2, f120, Realizable
t2, f121, Realizable
t2, f122, Stopped
t2, f123, Unrealizable
t2, f124, Unrealizable
t2, f125, Realizable
t2, f126, Realizable
t2, f127, Realizable
t2, f128, Realizable
t2, f129, Realizable
t2, f130, Realizable
t2, f131, Realizable
t2, f132, Realizable
t2, f133, Realizable
t2, f134, Unrealizable
t2, f135, Realizable
t2, f136, Realizable
t2, f137, Realizable
t2, f138, Realizable
t2, f139, Realizable
t2, f140, Unrealizable
t2, f141, Realizable
t2, f142, Realizable
t2, f143, Realizable
t2, f144, Realizable
t2, f145, Unrealizable
t2, f146, Realizable
t2, f147, Stopped
t2, f148, Stopped
t2, f149, Realizable
t2, f150, Realizable
t2, f151, Realizable
t2, f152, Realizable
t2, f153, Realizable
t2, f154, Stopped
t2, f155, Unrealizable
t2, f156, Stopped
t2, f157, Realizable
t2, f158, Realizable
t2, f159, Realizable
t2, f160, Realizable
t2, f161, Realizable
t2, f162, Realizable
t2, f163, Realizable
t2, f164, Realizable
t2, f165, Realizable
t2, f166, Realizable
t2, f167, Unrealizable
t2, f168, Realizable
t2, f169, Realizable
t2, f170, Realizable
t2, f171, Realizable
t2, f172, Realizable
t2, f173, Unrealizable
t2, f174, Unrealizable
t2, f175, Realizable
t2, f176, Realizable
t2, f177, Realizable
t2, f178, Unrealizable
t2, f179, Unrealizable
t2, f180, Unrealizable
t2, f181, Stopped
t2, f182, Stopped
t2, f183, Realizable
t2, f184, Realizable
t2, f185, Unrealizable
t2, f186, Stopped
t2, f187, Stopped
t2, f188, Stopped
t2, f189, Realizable
t2, f190, Realizable
t2, f191, Unrealizable
t2, f192, Realizable
t2, f193, Realizable
t2, f194, Realizable
t2, f195, Realizable
t2, f196, Unrealizable
t2, f197, Realizable
t2, f198, Realizable
t2, f199, Stopped
t2, f200, Realizable
t3, f1, Realizable
t3, f2, Unrealizable
t3, f3, Realizable
t3, f4, Realizable
t3, f5, Realizable
t3, f6, Stopped
t3, f7, Unrealizable
t3, f8, Stopped
t3, f9, Realizable
t3, f10, Realizable
t3, f11, Realizable
t3, f12, Unrealizable
t3, f13, Realizable
t3, f14, Unrealizable
t3, f15, Stopped
t3, f16, Realizable
t3, f17, Realizable
t3, f18, Stopped
t3, f19, Realizable
t3, f20, Realizable
t3, f21, Realizable
t3, f22, Realizable
t3, f23, Realizable
t3, f24, Stopped
t3, f25, Realizable
t3, f26, Realizable
t3, f27, Realizable
t3, f28, Stopped
t3, f29, Realizable
t3, f30, Stopped
t3, f31, Realizable
t3, f32, Realizable
t3, f33, Realizable
t3, f34, Realizable
t3, f35, Stopped
t3, f36, Realizable
t3, f37, Realizable
t3, f38, Unrealizable
t3, f39, Realizable
t3, f40, Realizable
t3, f41, Stopped
t3, f42, Realizable
t3, f43, Stopped
t3, f44, Stopped
t3, f45, Unrealizable
t3, f46, Realizable
t3, f47, Unrealizable
t3, f48, Unrealizable
t3, f49, Stopped
t3, f50, Realizable
t3, f51, Stopped
t3, f52, Realizable
t3, f53, Realizable
t3, f54, Realizable
t3, f55, Unrealizable
t3, f56, Unrealizable
t3, f57, Unrealizable
t3, f58, Realizable
t3, f59, Realizable
t3, f60, Stopped
t3, f61, Realizable
t3, f62, Realizable
t3, f63, Realizable
t3, f64, Realizable
t3, f65, Realizable
t3, f66, Stopped
t3, f67, Realizable
t3, f68, Stopped
t3, f69, Unrealizable
t3, f70, Realizable
t3, f71, Realizable
t3, f72, Stopped
t3, f73, Realizable
t3, f74, Realizable
t3, f75, Realizable
t3, f76, Realizable
t3, f77, Realizable
t3, f78, Realizable
t3, f79, Realizable
t3, f80, Realizable
t3, f81, Realizable
t3, f82, Stopped
t3, f83, Realizable
t3, f84, Realizable
t3, f85, Realizable
t3, f86, Realizable
t3, f87, Realizable
t3, f88, Unrealizable
t3, f89, Realizable
t3, f90, Stopped
t3, f91, Realizable
t3, f92, Realizable
t3, f93, Realizable
t3, f94, Realizable
t3, f95, Stopped
t3, f96, Realizable
t3, f97, Stopped
t3, f98, Realizable
t3, f99, Realizable
t3, f100, Realizable
t3, f101, Realizable
t3, f102, Realizable
t3, f103, Stopped
t3, f104, Stopped
t3, f105, Realizable
t3, f106, Realizable
t3, f107, Realizable
t3, f108, Realizable
t3, f109, Realizable
t3, f110, Unrealizable
t3, f111, Realizable
t3, f112, Unrealizable
t3, f113, Realizable
t3, f114, Unrealizable
t3, f115, Realizable
t3, f116, Realizable
t3, f117, Realizable
t3, f118, Unrealizable
t3, f119, Realizable
t3, f120, Realizable
t3, f121, Stopped
t3, f122, Realizable
t3, f123, Realizable
t3, f124, Realizable
t3, f125, Stopped
t3, f126, Realizable
t3, f127, Realizable
t3, f128, Stopped
t3, f129, Realizable
t3, f130, Realizable
t3, f131, Unrealizable
t3, f132, Unrealizable
t3, f133, Realizable
t3, f134, Realizable
t3, f135, Realizable
t3, f136, Realizable
t3, f137, Realizable
t3, f138, Realizable
t3, f139, Realizable
t3, f140, Realizable
t3, f141, Unrealizable
t3, f142, Unrealizable
t3, f143, Stopped
t3, f144, Unrealizable
t3, f145, Unrealizable
t3, f146, Realizable
t3, f147, Stopped
t3, f148, Realizable
t3, f149, Realizable
t3, f150, Realizable
t3, f151, Stopped
t3, f152, Realizable
t3, f153, Realizable
t3, f154, Realizable
t3, f155, Stopped
t3, f156, Realizable
t3, f157, Unrealizable
t3, f158, Realizable
t3, f159, Realizable
t3, f160, Unrealizable
t3, f161, Unrealizable
t3, f162, Realizable
t3, f163, Realizable
t3, f164, Realizable
t3, f165, Realizable
t3, f166, Unrealizable
t3, f167, Unrealizable
t3, f168, Realizable
t3, f169, Realizable
t3, f170, Stopped
t3, f171, Realizable
t3, f172, Realizable
t3, f173, Unrealizable
t3, f174, Realizable
t3, f175, Realizable
t3, f176, Realizable
t3, f177, Realizable
t3, f178, Realizable
t3, f179, Unrealizable
t3, f180, Stopped
t3, f181, Realizable
t3, f182, Realizable
t3, f183, Stopped
t3, f184, Stopped
t3, f185, Unrealizable
t3, f186, Realizable
t3, f187, Realizable
t3, f188, Unrealizable
t3, f189, Stopped
t3, f190, Realizable
t3, f191, Stopped
t3, f192, Realizable
t3, f193, Realizable
t3, f194, Realizable
t3, f195, Realizable
t3, f196, Realizable
t3, f197, Stopped
t3, f198, Unrealizable
t3, f199, Unrealizable
t3, f200, Stopped
t4, f1, Realizable
t4, f2, Realizable
t4, f3, Realizable
t4, f4, Realizable
t4, f5, Realizable
t4, f6, Realizable
t4, f7, Realizable
t4, f8, Unrealizable
t4, f9, Realizable
t4, f10, Stopped
t4, f11, Stopped
t4, f12, Realizable
t4, f13, Realizable
t4, f14, Stopped
t4, f15, Unrealizable
t4, f16, Realizable
t4, f17, Realizable
t4, f18, Realizable
t4, f19, Realizable
t4, f20, Realizable
t4, f21, Realizable
t4, f22, Realizable
t4, f23, Stopped
t4, f24, Realizable
t4, f25, Realizable
t4, f26, Unrealizable
t4, f27, Realizable
t4, f28, Realizable
t4, f29, Realizable
t4, f30, Realizable
t4, f31, Realizable
t4, f32, Realizable
t4, f33, Realizable
t4, f34, Realizable
t4, f35, Realizable
t4, f36, Realizable
t4, f37, Realizable
t4, f38, Realizable
t4, f39, Realizable
t4, f40, Realizable
t4, f41, Realizable
t4, f42, Unrealizable
t4, f43, Realizable
t4, f44, Realizable
t4, f45, Realizable
t4, f46, Realizable
t4, f47, Realizable
t4, f48, Realizable
t4, f49, Realizable
t4, f50, Realizable
t4, f51, Realizable
t4, f52, Realizable
t4, f53, Realizable
t4, f54, Realizable
t4, f55, Realizable
t4, f56, Realizable
t4, f57, Stopped
t4, f58, Realizable
t4, f59, Realizable
t4, f60, Realizable
t4, f61, Stopped
t4, f62, Realizable
t4, f63, Unrealizable
t4, f64, Realizable
t4, f65, Realizable
t4, f66, Realizable
t4, f67, Realizable
t4, f68, Realizable
t4, f69, Stopped
t4, f70, Unrealizable
t4, f71, Realizable
t4, f72, Realizable
t4, f73, Realizable
t4, f74, Realizable
t4, f75, Realizable
t4, f76, Realizable
t4, f77, Realizable
t4, f78, Realizable
t4, f79, Realizable
t4, f80, Realizable
t4, f81, Realizable
t4, f82, Stopped
t4, f83, Stopped
t4, f84, Realizable
t4, f85, Realizable
t4, f86, Stopped
t4, f87, Realizable
t4, f88, Realizable
t4, f89, Realizable
t4, f90, Stopped
t4, f91, Realizable
t4, f92, Realizable
t4, f93, Realizable
t4, f94, Realizable
t4, f95, Realizable
t4, f96, Unrealizable
t4, f97, Realizable
t4, f98, Realizable
t4, f99, Realizable
t4, f100, Realizable
t4, f101, Unrealizable
t4, f102, Unrealizable
t4, f103, Realizable
t4, f104, Realizable
t4, f105, Realizable
t4, f106, Realizable
t4, f107, Realizable
t4, f108, Realizable
t4, f109, Realizable
t4, f110, Realizable
t4, f111, Realizable
t4, f112, Stopped
t4, f113, Unrealizable
t4, f114, Stopped
t4, f115, Realizable
t4, f116, Stopped
t4, f117, Realizable
t4, f118, Realizable
t4, f119, Realizable
t4, f120, Stopped
t4, f121, Realizable
t4, f122, Stopped
t4, f123, Realizable
t4, f124, Realizable
t4, f125, Realizable
t4, f126, Stopped
t4, f127, Realizable
t4, f128, Realizable
t4, f129, Realizable
t4, f130, Stopped
t4, f131, Realizable
t4, f132, Realizable
t4, f133, Realizable
t4, f134, Realizable
t4, f135, Realizable
t4, f136, Realizable
t4, f137, Stopped
t4, f138, Realizable
t4, f139, Realizable
t4, f140, Realizable
t4, f141, Realizable
t4, f142, Unrealizable
t4, f143, Realizable
t4, f144, Realizable
t4, f145, Realizable
t4, f146, Realizable
t4, f147, Realizable
t4, f148, Unrealizable
t4, f149, Realizable
t4, f150, Realizable
t4, f151, Stopped
t4, f152, Realizable
t4, f153, Realizable
t4, f154, Realizable
t4, f155, Realizable
t4, f156, Realizable
t4, f157, Realizable
t4, f158, Realizable
t4, f159, Realizable
t4, f160, Realizable
t4, f161, Unrealizable
t4, f162, Unrealizable
t4, f163, Stopped
t4, f164, Realizable
t4, f165, Realizable
t4, f166, Unrealizable
t4, f167, Realizable
t4, f168, Realizable
t4, f169, Unrealizable
t4, f170, Realizable
t4, f171, Unrealizable
t4, f172, Realizable
t4, f173, Realizable
t4, f174, Realizable
t4, f175, Realizable
t4, f176, Realizable
t4, f177, Realizable
t4, f178, Stopped
t4, f179, Realizable
t4, f180, Unrealizable
t4, f181, Realizable
t4, f182, Stopped
t4, f183, Unrealizable
t4, f184, Realizable
t4, f185, Realizable
t4, f186, Realizable
t4, f187, Realizable
t4, f188, Stopped
t4, f189, Realizable
t4, f190, Realizable
t4, f191, Realizable
t4, f192, Unrealizable
t4, f193, Realizable
t4, f194, Unrealizable
t4, f195, Realizable
t4, f196, Realizable
t4, f197, Realizable
t4, f198, Realizable
t4, f199, Stopped
t4, f200, Realizable
t5, f1, Realizable
t5, f2, Realizable
t5, f3, Realizable
t5, f4, Realizable
t5, f5, Unrealizable
t5, f6, Unrealizable
t5, f7, Realizable
t5, f8, Unrealizable
t5, f9, Realizable
t5, f10, Unrealizable
t5, f11, Realizable
t5, f12, Realizable
t5, f13, Realizable
t5, f14, Realizable
t5, f15, Realizable
t5, f16, Stopped
t5, f17, Unrealizable
t5, f18, Realizable
t5, f19, Realizable
t5, f20, Realizable
t5, f21, Realizable
t5, f22, Realizable
t5, f23, Realizable
t5, f24, Realizable
t5, f25, Realizable
t5, f26, Realizable
t5, f27, Stopped
t5, f28, Realizable
t5, f29, Realizable
t5, f30, Stopped
t5, f31, Realizable
t5, f32, Realizable
t5, f33, Realizable
t5, f34, Realizable
t5, f35, Realizable
t5, f36, Realizable
t5, f37, Realizable
t5, f38, Realizable
t5, f39, Realizable
t5, f40, Realizable
t5, f41, Realizable
t5, f42, Realizable
t5, f43, Realizable
t5, f44, Realizable
t5, f45, Realizable
t5, f46, Unrealizable
t5, f47, Realizable
t5, f48, Realizable
t5, f49, Unrealizable
t5, f50, Realizable
t5, f51, Stopped
t5, f52, Realizable
t5, f53, Realizable
t5, f54, Realizable
t5, f55, Realizable
t5, f56, Realizable
t5, f57, Realizable
t5, f58, Realizable
t5, f59, Realizable
t5, f60, Realizable
t5, f61, Realizable
t5, f62, Realizable
t5, f63, Realizable
t5, f64, Realizable
t5, f65, Stopped
t5, f66, Stopped
t5, f67, Realizable
t5, f68, Realizable
t5, f69, Realizable
t5, f70, Realizable
t5, f71, Realizable
t5, f72, Realizable
t5, f73, Unrealizable
t5, f74, Realizable
t5, f75, Realizable
t5, f76, Unrealizable
t5, f77, Stopped
t5, f78, Stopped
t5, f79, Realizable
t5, f80, Realizable
t5, f81, Realizable
t5, f82, Realizable
t5, f83, Stopped
t5, f84, Realizable
t5, f85, Realizable
t5, f86, Realizable
t5, f87, Realizable
t5, f88, Realizable
t5, f89, Unrealizable
t5, f90, Realizable
t5, f91, Realizable
t5, f92, Realizable
t5, f93, Realizable
t5, f94, Realizable
t5, f95, Stopped
t5, f96, Realizable
t5, f97, Stopped
t5, f98, Realizable
t5, f99, Stopped
t5, f100, Realizable
t5, f101, Realizable
t5, f102, Realizable
t5, f103, Realizable
t5, f104, Stopped
t5, f105, Stopped
t5, f106, Stopped
t5, f107, Realizable
t5, f108, Stopped
t5, f109, Realizable
t5, f110, Realizable
t5, f111, Realizable
t5, f112, Realizable
t5, f113, Realizable
t5, f114, Realizable
t5, f115, Realizable
t5, f116, Unrealizable
t5, f117, Unrealizable
t5, f118, Realizable
t5, f119, Realizable
t5, f120, Realizable
t5, f121, Realizable
t5, f122, Realizable
t5, f123, Realizable
t5, f124, Realizable
t5, f125, Realizable
t5, f126, Stopped
t5, f127, Realizable
t5, f128, Realizable
t5, f129, Realizable
t5, f130, Unrealizable
t5, f131, Realizable
t5, f132, Realizable
t5, f133, Realizable
t5, f134, Stopped
t5, f135, Realizable
t5, f136, Stopped
t5, f137, Stopped
t5, f138, Stopped
t5, f139, Realizable
t5, f140, Stopped
t5, f141, Unrealizable
t5, f142, Realizable
t5, f143, Realizable
t5, f144, Realizable
t5, f145, Realizable
t5, f146, Stopped
t5, f147, Stopped
t5, f148, Realizable
t5, f149, Stopped
t5, f150, Realizable
t5, f151, Realizable
t5, f152, Realizable
t5, f153, Realizable
t5, f154, Realizable
t5, f155, Realizable
t5, f156, Realizable
t5, f157, Realizable
t5, f158, Realizable
t5, f159, Realizable
t5, f160, Realizable
t5, f161, Realizable
t5, f162, Realizable
t5, f163, Stopped
t5, f164, Realizable
t5, f165, Realizable
t5, f166, Realizable
t5, f167, Stopped
t5, f168, Realizable
t5, f169, Realizable
t5, f170, Realizable
t5, f171, Realizable
t5, f172, Realizable
t5, f173, Realizable
t5, f174, Realizable
t5, f175, Realizable
t5, f176, Stopped
t5, f177, Realizable
t5, f178, Realizable
t5, f179, Realizable
t5, f180, Realizable
t5, f181, Unrealizable
t5, f182, Realizable
t5, f183, Realizable
t5, f184, Realizable
t5, f185, Realizable
t5, f186, Realizable
t5, f187, Unrealizable
t5, f188, Realizable
t5, f189, Realizable
t5, f190, Realizable
t5, f191, Unrealizable
t5, f192, Realizable
t5, f193, Realizable
t5, f194, Realizable
t5, f195, Realizable
t5, f196, Realizable
t5, f197, Realizable
t5, f198, Realizable
t5, f199, Realizable
t5, f200, Realizable
t6, f1, Realizable
t6, f2, Realizable
t6, f3, Realizable
t6, f4, Stopped
t6, f5, Stopped
t6, f6, Realizable
t6, f7, Stopped
t6, f8, Realizable
t6, f9, Realizable
t6, f10, Realizable
t6, f11, Stopped
t6, f12, Stopped
t6, f13, Stopped
t6, f14, Unrealizable
t6, f15, Realizable
t6, f16, Realizable
t6, f17, Realizable
t6, f18, Realizable
t6, f19, Realizable
t6, f20, Stopped
t6, f21, Realizable
t6, f22, Realizable
t6, f23, Stopped
t6, f24, Realizable
t6, f25, Stopped
t6, f26, Realizable
t6, f27, Realizable
t6, f28, Realizable
t6, f29, Realizable
t6, f30, Stopped
t6, f31, Realizable
t6, f32, Realizable
t6, f33, Stopped
t6, f34, Stopped
t6, f35, Realizable
t6, f36, Stopped
t6, f37, Realizable
t6, f38, Stopped
t6, f39, Realizable
t6, f40, Realizable
t6, f41, Realizable
t6, f42, Realizable
t6, f43, Stopped
t6, f44, Unrealizable
t6, f45, Realizable
t6, f46, Stopped
t6, f47, Realizable
t6, f48, Stopped
t6, f49, Realizable
t6, f50, Realizable
t6, f51, Realizable
t6, f52, Realizable
t6, f53, Realizable
t6, f54, Realizable
t6, f55, Unrealizable
t6, f56, Realizable
t6, f57, Realizable
t6, f58, Realizable
t6, f59, Realizable
t6, f60, Realizable
t6, f61, Stopped
t6, f62, Realizable
t6, f63, Realizable
t6, f64, Realizable
t6, f65, Realizable
t6, f66, Stopped
t6, f67, Realizable
t6, f68, Realizable
t6, f69, Realizable
t6, f70, Realizable
t6, f71, Realizable
t6, f72, Realizable
t6, f73, Realizable
t6, f74, Realizable
t6, f75, Unrealizable
t6, f76, Unrealizable
t6, f77, Stopped
t6, f78, Realizable
t6, f79, Realizable
t6, f80, Stopped
t6, f81, Realizable
t6, f82, Stopped
t6, f83, Stopped
t6, f84, Realizable
t6, f85, Realizable
t6, f86, Realizable
t6, f87, Stopped
t6, f88, Realizable
t6, f89, Stopped
t6, f90, Realizable
t6, f91, Unrealizable
t6, f92, Stopped
t6, f93, Stopped
t6, f94, Realizable
t6, f95, Stopped
t6, f96, Realizable
t6, f97, Realizable
t6, f98, Realizable
t6, f99, Realizable
t6, f100, Stopped
t6, f101, Realizable
t6, f102, Realizable
t6, f103, Realizable
t6, f104, Realizable
t6, f105, Realizable
t6, f106, Realizable
t6, f107, Realizable
t6, f108, Realizable
t6, f109, Realizable
t6, f110, Realizable
t6, f111, Stopped
t6, f112, Realizable
t6, f113, Realizable
t6, f114, Realizable
t6, f115, Stopped
t6, f116, Realizable
t6, f117, Realizable
t6, f118, Unrealizable
t6, f119, Realizable
t6, f120, Realizable
t6, f121, Realizable
t6, f122, Realizable
t6, f123, Realizable
t6, f124, Stopped
t6, f125, Stopped
t6, f126, Realizable
t6, f127, Realizable
t6, f128, Stopped
t6, f129, Realizable
t6, f130, Realizable
t6, f131, Realizable
t6, f132, Unrealizable
t6, f133, Realizable
t6, f134, Realizable
t6, f135, Realizable
t6, f136, Stopped
t6, f137, Realizable
t6, f138, Realizable
t6, f139, Realizable
t6, f140, Stopped
t6, f141, Realizable
t6, f142, Unrealizable
t6, f143, Realizable
t6, f144, Realizable
t6, f145, Stopped
t6, f146, Realizable
t6, f147, Stopped
t6, f148, Realizable
t6, f149, Realizable
t6, f150, Stopped
t6, f151, Realizable
t6, f152, Realizable
t6, f153, Realizable
t6, f154, Realizable
t6, f155, Realizable
t6, f156, Realizable
t6, f157, Realizable
t6, f158, Stopped
t6, f159, Stopped
t6, f160, Realizable
t6, f161, Realizable
t6, f162, Realizable
t6, f163, Realizable
t6, f164, Realizable
t6, f165, Stopped
t6, f166, Realizable
t6, f167, Realizable
t6, f168, Realizable
t6, f169, Realizable
t6, f170, Stopped
t6, f171, Realizable
t6, f172, Realizable
t6, f173, Unrealizable
t6, f174, Realizable
t6, f175, Realizable
t6, f176, Realizable
t6, f177, Realizable
t6, f178, Realizable
t6, f179, Realizable
t6, f180, Realizable
t6, f181, Realizable
t6, f182, Stopped
t6, f183, Realizable
t6, f184, Realizable
t6, f185, Unrealizable
t6, f186, Realizable
t6, f187, Realizable
t6, f188, Realizable
t6, f189, Stopped
t6, f190, Stopped
t6, f191, Stopped
t6, f192, Realizable
t6, f193, Realizable
t6, f194, Realizable
t6, f195, Unrealizable
t6, f196, Realizable
t6, f197, Realizable
t6, f198, Stopped
t6, f199, Realizable
t6, f200, Realizable
t7, f1, Realizable
t7, f2, Realizable
t7, f3, Realizable
t7, f4, Realizable
t7, f5, Unrealizable
t7, f6, Realizable
t7, f7, Realizable
t7, f8, Stopped
t7, f9, Stopped
t7, f10, Unrealizable
t7, f11, Realizable
t7, f12, Realizable
t7, f13, Realizable
t7, f14, Realizable
t7, f15, Realizable
t7, f16, Realizable
t7, f17, Realizable
t7, f18, Unrealizable
t7, f19, Stopped
t7, f20, Realizable
t7, f21, Stopped
t7, f22, Realizable
t7, f23, Realizable
t7, f24, Realizable
t7, f25, Realizable
t7, f26, Realizable
t7, f27, Unrealizable
t7, f28, Realizable
t7, f29, Realizable
t7, f30, Realizable
t7, f31, Realizable
t7, f32, Realizable
t7, f33, Realizable
t7, f34, Realizable
t7, f35, Realizable
t7, f36, Realizable
t7, f37, Realizable
t7, f38, Stopped
t7, f39, Realizable
t7, f40, Realizable
t7, f41, Realizable
t7, f42, Stopped
t7, f43, Realizable
t7, f44, Realizable
t7, f45, Realizable
t7, f46, Realizable
t7, f47, Realizable
t7, f48, Realizable
t7, f49, Realizable
t7, f50, Realizable
t7, f51, Stopped
t7, f52, Realizable
t7, f53, Realizable
t7, f54, Realizable
t7, f55, Realizable
t7, f56, Realizable
t7, f57, Realizable
t7, f58, Realizable
t7, f59, Unrealizable
t7, f60, Stopped
t7, f61, Realizable
t7, f62, Stopped
t7, f63, Realizable
t7, f64, Realizable
t7, f65, Realizable
t7, f66, Stopped
t7, f67, Realizable
t7, f68, Realizable
t7, f69, Realizable
t7, f70, Stopped
t7, f71, Realizable
t7, f72, Stopped
t7, f73, Stopped
t7, f74, Stopped
t7, f75, Unrealizable
t7, f76, Realizable
t7, f77, Realizable
t7, f78, Stopped
t7, f79, Realizable
t7, f80, Realizable
t7, f81, Realizable
t7, f82, Realizable
t7, f83, Unrealizable
t7, f84, Realizable
t7, f85, Realizable
t7, f86, Realizable
t7, f87, Unrealizable
t7, f88, Realizable
t7, f89, Stopped
t7, f90, Realizable
t7, f91, Unrealizable
t7, f92, Realizable
t7, f93, Unrealizable
t7, f94, Realizable
t7, f95, Realizable
t7, f96, Stopped
t7, f97, Realizable
t7, f98, Realizable
t7, f99, Realizable
t7, f100, Realizable
t7, f101, Stopped
t7, f102, Stopped
t7, f103, Realizable
t7, f104, Unrealizable
t7, f105, Realizable
t7, f106, Realizable
t7, f107, Realizable
t7, f108, Realizable
t7, f109, Realizable
t7, f110, Stopped
t7, f111, Stopped
t7, f112, Realizable
t7, f113, Realizable
t7, f114, Realizable
t7, f115, Realizable
t7, f116, Realizable
t7, f117, Unrealizable
t7, f118, Unrealizable
t7, f119, Realizable
t7, f120, Unrealizable
t7, f121, Stopped
t7, f122, Realizable
t7, f123, Realizable
t7, f124, Stopped
t7, f125, Realizable
t7, f126, Realizable
t7, f127, Stopped
t7, f128, Realizable
t7, f129, Stopped
t7, f130, Realizable
t7, f131, Unrealizable
t7, f132, Realizable
t7, f133, Realizable
t7, f134, Unrealizable
t7, f135, Realizable
t7, f136, Realizable
t7, f137, Realizable
t7, f138, Stopped
t7, f139, Realizable
t7, f140, Stopped
t7, f141, Unrealizable
t7, f142, Realizable
t7, f143, Realizable
t7, f144, Realizable
t7, f145, Stopped
t7, f146, Realizable
t7, f147, Realizable
t7, f148, Realizable
t7, f149, Realizable
t7, f150, Realizable
t7, f151, Realizable
t7, f152, Realizable
t7, f153, Realizable
t7, f154, Realizable
t7, f155, Realizable
t7, f156, Realizable
t7, f157, Realizable
t7, f158, Stopped
t7, f159, Realizable
t7, f160, Realizable
t7, f161, Unrealizable
t7, f162, Unrealizable
t7, f163, Realizable
t7, f164, Realizable
t7, f165, Realizable
t7, f166, Realizable
t7, f167, Realizable
t7, f168, Realizable
t7, f169, Stopped
t7, f170, Stopped
t7, f171, Realizable
t7, f172, Realizable
t7, f173, Realizable
t7, f174, Realizable
t7, f175, Unrealizable
t7, f176, Realizable
t7, f177, Realizable
t7, f178, Stopped
t7, f179, Realizable
t7, f180, Realizable
t7, f181, Realizable
t7, f182, Realizable
t7, f183, Realizable
t7, f184, Stopped
t7, f185, Realizable
t7, f186, Realizable
t7, f187, Realizable
t7, f188, Stopped
t7, f189, Realizable
t7, f190, Realizable
t7, f191, Realizable
t7, f192, Unrealizable
t7, f193, Realizable
t7, f194, Realizable
t7, f195, Stopped
t7, f196, Realizable
t7, f197, Unrealizable
t7, f198, Realizable
t7, f199, Realizable
t7, f200, Realizable
t8, f1, Unrealizable
t8, f2, Realizable
t8, f3, Realizable
t8, f4, Stopped
t8, f5, Realizable
t8, f6, Realizable
t8, f7, Realizable
t8, f8, Realizable
t8, f9, Realizable
t8, f10, Stopped
t8, f11, Realizable
t8, f12, Stopped
t8, f13, Realizable
t8, f14, Realizable
t8, f15, Realizable
t8, f16, Stopped
t8, f17, Stopped
t8, f18, Realizable
t8, f19, Unrealizable
t8, f20, Realizable
t8, f21, Realizable
t8, f22, Realizable
t8, f23, Realizable
t8, f24, Stopped
t8, f25, Stopped
t8, f26, Stopped
t8, f27, Stopped
t8, f28, Realizable
t8, f29, Stopped
t8, f30, Realizable
t8, f31, Stopped
t8, f32, Realizable
t8, f33, Stopped
t8, f34, Unrealizable
t8, f35, Realizable
t8, f36, Realizable
t8, f37, Realizable
t8, f38, Realizable
t8, f39, Realizable
t8, f40, Realizable
t8, f41, Realizable
t8, f42, Realizable
t8, f43, Realizable
t8, f44, Realizable
t8, f45, Stopped
t8, f46, Realizable
t8, f47, Realizable
t8, f48, Realizable
t8, f49, Realizable
t8, f50, Realizable
t8, f51, Realizable
t8, f52, Realizable
t8, f53, Stopped
t8, f54, Stopped
t8, f55, Realizable
t8, f56, Stopped
t8, f57, Realizable
t8, f58, Realizable
t8, f59, Realizable
t8, f60, Stopped
t8, f61, Realizable
t8, f62, Unrealizable
t8, f63, Realizable
t8, f64, Realizable
t8, f65, Realizable
t8, f66, Realizable
t8, f67, Realizable
t8, f68, Realizable
t8, f69, Realizable
t8, f70, Realizable
t8, f71, Unrealizable
t8, f72, Stopped
t8, f73, Stopped
t8, f74, Realizable
t8, f75, Realizable
t8, f76, Realizable
t8, f77, Realizable
t8, f78, Realizable
t8, f79, Realizable
t8, f80, Realizable
t8, f81, Realizable
t8, f82, Realizable
t8, f83, Realizable
t8, f84, Realizable
t8, f85, Realizable
t8, f86, Realizable
t8, f87, Realizable
t8, f88, Stopped
t8, f89, Realizable
t8, f90, Unrealizable
t8, f91, Stopped
t8, f92, Realizable
t8, f93, Realizable
t8, f94, Realizable
t8, f95, Realizable
t8, f96, Realizable
t8, f97, Realizable
t8, f98, Realizable
t8, f99, Realizable
t8, f100, Realizable
t8, f101, Realizable
t8, f102, Realizable
t8, f103, Stopped
t8, f104, Realizable
t8, f105, Unrealizable
t8, f106, Realizable
t8, f107, Realizable
t8, f108, Realizable
t8, f109, Realizable
t8, f110, Realizable
t8, f111, Realizable
t8, f112, Stopped
t8, f113, Realizable
t8, f114, Realizable
t8, f115, Realizable
t8, f116, Unrealizable
t8, f117, Realizable
t8, f118, Unrealizable
t8, f119, Realizable
t8, f120, Realizable
t8, f121, Stopped
t8, f122, Stopped
t8, f123, Realizable
t8, f124, Stopped
t8, f125, Stopped
t8, f126, Stopped
t8, f127, Realizable
t8, f128, Stopped
t8, f129, Realizable
t8, f130, Realizable
t8, f131, Realizable
t8, f132, Realizable
t8, f133, Realizable
t8, f134, Realizable
t8, f135, Realizable
t8, f136, Stopped
t8, f137, Realizable
t8, f138, Realizable
t8, f139, Realizable
t8, f140, Realizable
t8, f141, Stopped
t8, f142, Realizable
t8, f143, Realizable
t8, f144, Stopped
t8, f145, Realizable
t8, f146, Stopped
t8, f147, Realizable
t8, f148, Realizable
t8, f149, Realizable
t8, f150, Realizable
t8, f151, Realizable
t8, f152, Unrealizable
t8, f153, Realizable
t8, f154, Realizable
t8, f155, Realizable
t8, f156, Realizable
t8, f157, Realizable
t8, f158, Realizable
t8, f159, Realizable
t8, f160, Realizable
t8, f161, Realizable
t8, f162, Realizable
t8, f163, Realizable
t8, f164, Stopped
t8, f165, Stopped
t8, f166, Realizable
t8, f167, Realizable
t8, f168, Realizable
t8, f169, Stopped
t8, f170, Stopped
t8, f171, Realizable
t8, f172, Realizable
t8, f173, Realizable
t8, f174, Realizable
t8, f175, Realizable
t8, f176, Realizable
t8, f177, Realizable
t8, f178, Realizable
t8, f179, Realizable
t8, f180, Realizable
t8, f181, Stopped
t8, f182, Realizable
t8, f183, Unrealizable
t8, f184, Realizable
t8, f185, Realizable
t8, f186, Realizable
t8, f187, Unrealizable
t8, f188, Realizable
t8, f189, Realizable
t8, f190, Realizable
t8, f191, Realizable
t8, f192, Realizable
t8, f193, Realizable
t8, f194, Realizable
t8, f195, Stopped
t8, f196, Realizable
t8, f197, Realizable
t8, f198, Stopped
t8, f199, Realizable
t8, f200, Realizable
t9, f1, Realizable
t9, f2, Realizable
t9, f3, Realizable
t9, f4, Realizable
t9, f5, Stopped
t9, f6, Realizable
t9, f7, Stopped
t9, f8, Stopped
t9, f9, Realizable
t9, f10, Realizable
t9, f11, Realizable
t9, f12, Realizable
t9, f13, Unrealizable
t9, f14, Realizable
t9, f15, Realizable
t9, f16, Realizable
t9, f17, Realizable
t9, f18, Realizable
t9, f19, Realizable
t9, f20, Realizable
t9, f21, Realizable
t9, f22, Realizable
t9, f23, Realizable
t9, f24, Realizable
t9, f25, Realizable
t9, f26, Unrealizable
t9, f27, Realizable
t9, f28, Realizable
t9, f29, Stopped
t9, f30, Stopped
t9, f31, Realizable
t9, f32, Realizable
t9, f33, Stopped
t9, f34, Realizable
t9, f35, Realizable
t9, f36, Realizable
t9, f37, Realizable
t9, f38, Stopped
t9, f39, Realizable
t9, f40, Realizable
t9, f41, Realizable
t9, f42, Realizable
t9, f43, Realizable
t9, f44, Realizable
t9, f45, Realizable
t9, f46, Realizable
t9, f47, Realizable
t9, f48, Realizable
t9, f49, Realizable
t9, f50, Unrealizable
t9, f51, Realizable
t9, f52, Realizable
t9, f53, Realizable
t9, f54, Realizable
t9, f55, Stopped
t9, f56, Realizable
t9, f57, Realizable
t9, f58, Realizable
t9, f59, Realizable
t9, f60, Stopped
t9, f61, Unrealizable
t9, f62, Realizable
t9, f63, Stopped
t9, f64, Stopped
t9, f65, Stopped
t9, f66, Stopped
t9, f67, Realizable
t9, f68, Realizable
t9, f69, Stopped
t9, f70, Realizable
t9, f71, Realizable
t9, f72, Realizable
t9, f73, Realizable
t9, f74, Realizable
t9, f75, Realizable
t9, f76, Realizable
t9, f77, Realizable
t9, f78, Stopped
t9, f79, Realizable
t9, f80, Realizable
t9, f81, Realizable
t9, f82, Realizable
t9, f83, Realizable
t9, f84, Realizable
t9, f85, Realizable
t9, f86, Realizable
t9, f87, Realizable
t9, f88, Realizable
t9, f89, Realizable
t9, f90, Realizable
t9, f91, Realizable
t9, f92, Realizable
t9, f93, Realizable
t9, f94, Realizable
t9, f95, Realizable
t9, f96, Realizable
t9, f97, Realizable
t9, f98, Realizable
t9, f99, Realizable
t9, f100, Unrealizable
t9, f101, Realizable
t9, f102, Realizable
t9, f103, Realizable
t9, f104, Realizable
t9, f105, Stopped
t9, f106, Stopped
t9, f107, Realizable
t9, f108, Realizable
t9, f109, Realizable
t9, f110, Stopped
t9, f111, Realizable
t9, f112, Realizable
t9, f113, Realizable
t9, f114, Stopped
t9, f115, Realizable
t9, f116, Realizable
t9, f117, Stopped
t9, f118, Stopped
t9, f119, Realizable
t9, f120, Stopped
t9, f121, Realizable
t9, f122, Realizable
t9, f123, Realizable
t9, f124, Realizable
t9, f125, Realizable
t9, f126, Realizable
t9, f127, Unrealizable
t9, f128, Realizable
t9, f129, Stopped
t9, f130, Realizable
t9, f131, Realizable
t9, f132, Realizable
t9, f133, Stopped
t9, f134, Realizable
t9, f135, Realizable
t9, f136, Realizable
t9, f137, Stopped
t9, f138, Realizable
t9, f139, Realizable
t9, f140, Realizable
t9, f141, Realizable
t9, f142, Stopped
t9, f143, Realizable
t9, f144, Realizable
t9, f145, Realizable
t9, f146, Realizable
t9, f147, Realizable
t9, f148, Realizable
t9, f149, Realizable
t9, f150, Realizable
t9, f151, Stopped
t9, f152, Realizable
t9, f153, Realizable
t9, f154, Stopped
t9, f155, Stopped
t9, f156, Stopped
t9, f157, Realizable
t9, f158, Stopped
t9, f159, Stopped
t9, f160, Stopped
t9, f161, Realizable
t9, f162, Realizable
t9, f163, Stopped
t9, f164, Realizable
t9, f165, Realizable
t9, f166, Realizable
t9, f167, Stopped
t9, f168, Unrealizable
t9, f169, Realizable
t9, f170, Stopped
t9, f171, Realizable
t9, f172, Unrealizable
t9, f173, Stopped
t9, f174, Realizable
t9, f175, Realizable
t9, f176, Realizable
t9, f177, Stopped
t9, f178, Realizable
t9, f179, Realizable
t9, f180, Realizable
t9, f181, Realizable
t9, f182, Realizable
t9, f183, Realizable
t9, f184, Realizable
t9, f185, Realizable
t9, f186, Realizable
t9, f187, Realizable
t9, f188, Stopped
t9, f189, Stopped
t9, f190, Stopped
t9, f191, Realizable
t9, f192, Stopped
t9, f193, Realizable
t9, f194, Stopped
t9, f195, Realizable
t9, f196, Realizable
t9, f197, Realizable
t9, f198, Realizable
t9, f199, Realizable
t9, f200, Unrealizable
